"","year","st_cd_fips","incumb","state","district_num"
"1",2022,"0101",0,"Alabama","01"
"2",2022,"0102",0,"Alabama","02"
"3",2022,"0103",0,"Alabama","03"
"4",2022,"0104",0,"Alabama","04"
"5",2022,"0105",0,"Alabama","05"
"6",2022,"0106",0,"Alabama","06"
"7",2022,"0107",1,"Alabama","07"
"8",2022,"0200",0,"Alaska","00"
"9",2022,"0401",1,"Arizona","01"
"10",2022,"0402",1,"Arizona","02"
"11",2022,"0403",1,"Arizona","03"
"12",2022,"0404",0,"Arizona","04"
"13",2022,"0405",0,"Arizona","05"
"14",2022,"0406",0,"Arizona","06"
"15",2022,"0407",1,"Arizona","07"
"16",2022,"0408",0,"Arizona","08"
"17",2022,"0409",1,"Arizona","09"
"18",2022,"0501",0,"Arkansas","01"
"19",2022,"0502",0,"Arkansas","02"
"20",2022,"0503",0,"Arkansas","03"
"21",2022,"0504",0,"Arkansas","04"
"22",2022,"0601",0,"California","01"
"23",2022,"0602",1,"California","02"
"24",2022,"0603",1,"California","03"
"25",2022,"0604",0,"California","04"
"26",2022,"0605",1,"California","05"
"27",2022,"0606",1,"California","06"
"28",2022,"0607",1,"California","07"
"29",2022,"0608",0,"California","08"
"30",2022,"0609",1,"California","09"
"31",2022,"0610",1,"California","10"
"32",2022,"0611",1,"California","11"
"33",2022,"0612",1,"California","12"
"34",2022,"0613",1,"California","13"
"35",2022,"0614",1,"California","14"
"36",2022,"0615",1,"California","15"
"37",2022,"0616",1,"California","16"
"38",2022,"0617",1,"California","17"
"39",2022,"0618",1,"California","18"
"40",2022,"0619",1,"California","19"
"41",2022,"0620",1,"California","20"
"42",2022,"0621",0,"California","21"
"43",2022,"0622",0,"California","22"
"44",2022,"0623",0,"California","23"
"45",2022,"0624",1,"California","24"
"46",2022,"0625",0,"California","25"
"47",2022,"0626",1,"California","26"
"48",2022,"0627",1,"California","27"
"49",2022,"0628",1,"California","28"
"50",2022,"0629",1,"California","29"
"51",2022,"0630",1,"California","30"
"52",2022,"0631",1,"California","31"
"53",2022,"0632",1,"California","32"
"54",2022,"0633",1,"California","33"
"55",2022,"0634",1,"California","34"
"56",2022,"0635",1,"California","35"
"57",2022,"0636",1,"California","36"
"58",2022,"0637",1,"California","37"
"59",2022,"0638",1,"California","38"
"60",2022,"0639",0,"California","39"
"61",2022,"0640",1,"California","40"
"62",2022,"0641",1,"California","41"
"63",2022,"0642",0,"California","42"
"64",2022,"0643",1,"California","43"
"65",2022,"0644",1,"California","44"
"66",2022,"0645",1,"California","45"
"67",2022,"0646",1,"California","46"
"68",2022,"0647",1,"California","47"
"69",2022,"0648",0,"California","48"
"70",2022,"0649",1,"California","49"
"71",2022,"0650",0,"California","50"
"72",2022,"0651",1,"California","51"
"73",2022,"0652",1,"California","52"
"74",2022,"0653",1,"California","53"
"75",2022,"0801",1,"Colorado","01"
"76",2022,"0802",1,"Colorado","02"
"77",2022,"0803",0,"Colorado","03"
"78",2022,"0804",0,"Colorado","04"
"79",2022,"0805",0,"Colorado","05"
"80",2022,"0806",1,"Colorado","06"
"81",2022,"0807",1,"Colorado","07"
"82",2022,"0901",1,"Connecticut","01"
"83",2022,"0902",1,"Connecticut","02"
"84",2022,"0903",1,"Connecticut","03"
"85",2022,"0904",1,"Connecticut","04"
"86",2022,"0905",1,"Connecticut","05"
"87",2022,"1000",1,"Delaware","00"
"88",2022,"1201",0,"Florida","01"
"89",2022,"1202",0,"Florida","02"
"90",2022,"1203",0,"Florida","03"
"91",2022,"1204",0,"Florida","04"
"92",2022,"1205",1,"Florida","05"
"93",2022,"1206",0,"Florida","06"
"94",2022,"1207",1,"Florida","07"
"95",2022,"1208",0,"Florida","08"
"96",2022,"1209",1,"Florida","09"
"97",2022,"1210",1,"Florida","10"
"98",2022,"1211",0,"Florida","11"
"99",2022,"1212",0,"Florida","12"
"100",2022,"1213",1,"Florida","13"
"101",2022,"1214",1,"Florida","14"
"102",2022,"1215",0,"Florida","15"
"103",2022,"1216",0,"Florida","16"
"104",2022,"1217",0,"Florida","17"
"105",2022,"1218",0,"Florida","18"
"106",2022,"1219",0,"Florida","19"
"107",2022,"1220",1,"Florida","20"
"108",2022,"1221",1,"Florida","21"
"109",2022,"1222",1,"Florida","22"
"110",2022,"1223",1,"Florida","23"
"111",2022,"1224",1,"Florida","24"
"112",2022,"1225",0,"Florida","25"
"113",2022,"1226",0,"Florida","26"
"114",2022,"1227",0,"Florida","27"
"115",2022,"1301",0,"Georgia","01"
"116",2022,"1302",1,"Georgia","02"
"117",2022,"1303",0,"Georgia","03"
"118",2022,"1304",1,"Georgia","04"
"119",2022,"1305",1,"Georgia","05"
"120",2022,"1306",1,"Georgia","06"
"121",2022,"1307",1,"Georgia","07"
"122",2022,"1308",0,"Georgia","08"
"123",2022,"1309",0,"Georgia","09"
"124",2022,"1310",0,"Georgia","10"
"125",2022,"1311",0,"Georgia","11"
"126",2022,"1312",0,"Georgia","12"
"127",2022,"1313",1,"Georgia","13"
"128",2022,"1314",0,"Georgia","14"
"129",2022,"1501",1,"Hawaii","01"
"130",2022,"1502",1,"Hawaii","02"
"131",2022,"1601",0,"Idaho","01"
"132",2022,"1602",0,"Idaho","02"
"133",2022,"1701",1,"Illinois","01"
"134",2022,"1702",1,"Illinois","02"
"135",2022,"1703",1,"Illinois","03"
"136",2022,"1704",1,"Illinois","04"
"137",2022,"1705",1,"Illinois","05"
"138",2022,"1706",1,"Illinois","06"
"139",2022,"1707",1,"Illinois","07"
"140",2022,"1708",1,"Illinois","08"
"141",2022,"1709",1,"Illinois","09"
"142",2022,"1710",1,"Illinois","10"
"143",2022,"1711",1,"Illinois","11"
"144",2022,"1712",0,"Illinois","12"
"145",2022,"1713",0,"Illinois","13"
"146",2022,"1714",1,"Illinois","14"
"147",2022,"1715",0,"Illinois","15"
"148",2022,"1716",0,"Illinois","16"
"149",2022,"1717",1,"Illinois","17"
"150",2022,"1718",0,"Illinois","18"
"151",2022,"1801",1,"Indiana","01"
"152",2022,"1802",0,"Indiana","02"
"153",2022,"1803",0,"Indiana","03"
"154",2022,"1804",0,"Indiana","04"
"155",2022,"1805",0,"Indiana","05"
"156",2022,"1806",0,"Indiana","06"
"157",2022,"1807",1,"Indiana","07"
"158",2022,"1808",0,"Indiana","08"
"159",2022,"1809",0,"Indiana","09"
"160",2022,"1901",0,"Iowa","01"
"161",2022,"1902",0,"Iowa","02"
"162",2022,"1903",1,"Iowa","03"
"163",2022,"1904",0,"Iowa","04"
"164",2022,"2001",0,"Kansas","01"
"165",2022,"2002",0,"Kansas","02"
"166",2022,"2003",1,"Kansas","03"
"167",2022,"2004",0,"Kansas","04"
"168",2022,"2101",0,"Kentucky","01"
"169",2022,"2102",0,"Kentucky","02"
"170",2022,"2103",1,"Kentucky","03"
"171",2022,"2104",0,"Kentucky","04"
"172",2022,"2105",0,"Kentucky","05"
"173",2022,"2106",0,"Kentucky","06"
"174",2022,"2201",0,"Louisiana","01"
"175",2022,"2203",0,"Louisiana","03"
"176",2022,"2204",0,"Louisiana","04"
"177",2022,"2202",1,"Louisiana","02"
"178",2022,"2205",0,"Louisiana","05"
"179",2022,"2205",0,"Louisiana","05"
"180",2022,"2206",0,"Louisiana","06"
"181",2022,"2301",1,"Maine","01"
"182",2022,"2302",1,"Maine","02"
"183",2022,"2401",0,"Maryland","01"
"184",2022,"2402",1,"Maryland","02"
"185",2022,"2403",1,"Maryland","03"
"186",2022,"2404",1,"Maryland","04"
"187",2022,"2405",1,"Maryland","05"
"188",2022,"2406",1,"Maryland","06"
"189",2022,"2407",1,"Maryland","07"
"190",2022,"2408",1,"Maryland","08"
"191",2022,"2501",1,"Massachusetts","01"
"192",2022,"2502",1,"Massachusetts","02"
"193",2022,"2503",1,"Massachusetts","03"
"194",2022,"2504",1,"Massachusetts","04"
"195",2022,"2505",1,"Massachusetts","05"
"196",2022,"2506",1,"Massachusetts","06"
"197",2022,"2507",1,"Massachusetts","07"
"198",2022,"2508",1,"Massachusetts","08"
"199",2022,"2509",1,"Massachusetts","09"
"200",2022,"2601",0,"Michigan","01"
"201",2022,"2602",0,"Michigan","02"
"202",2022,"2603",0,"Michigan","03"
"203",2022,"2604",0,"Michigan","04"
"204",2022,"2605",1,"Michigan","05"
"205",2022,"2606",0,"Michigan","06"
"206",2022,"2607",0,"Michigan","07"
"207",2022,"2608",1,"Michigan","08"
"208",2022,"2609",1,"Michigan","09"
"209",2022,"2610",0,"Michigan","10"
"210",2022,"2611",1,"Michigan","11"
"211",2022,"2612",1,"Michigan","12"
"212",2022,"2613",1,"Michigan","13"
"213",2022,"2614",1,"Michigan","14"
"214",2022,"2701",0,"Minnesota","01"
"215",2022,"2702",1,"Minnesota","02"
"216",2022,"2703",1,"Minnesota","03"
"217",2022,"2704",1,"Minnesota","04"
"218",2022,"2705",1,"Minnesota","05"
"219",2022,"2706",0,"Minnesota","06"
"220",2022,"2707",0,"Minnesota","07"
"221",2022,"2708",0,"Minnesota","08"
"222",2022,"2801",0,"Mississippi","01"
"223",2022,"2802",1,"Mississippi","02"
"224",2022,"2803",0,"Mississippi","03"
"225",2022,"2804",0,"Mississippi","04"
"226",2022,"2901",1,"Missouri","01"
"227",2022,"2902",0,"Missouri","02"
"228",2022,"2903",0,"Missouri","03"
"229",2022,"2904",0,"Missouri","04"
"230",2022,"2905",1,"Missouri","05"
"231",2022,"2906",0,"Missouri","06"
"232",2022,"2907",0,"Missouri","07"
"233",2022,"2908",0,"Missouri","08"
"234",2022,"3000",0,"Montana","00"
"235",2022,"3101",0,"Nebraska","01"
"236",2022,"3102",0,"Nebraska","02"
"237",2022,"3103",0,"Nebraska","03"
"238",2022,"3201",1,"Nevada","01"
"239",2022,"3202",0,"Nevada","02"
"240",2022,"3203",1,"Nevada","03"
"241",2022,"3204",1,"Nevada","04"
"242",2022,"3301",1,"New Hampshire","01"
"243",2022,"3302",1,"New Hampshire","02"
"244",2022,"3401",1,"New Jersey","01"
"245",2022,"3402",0,"New Jersey","02"
"246",2022,"3403",1,"New Jersey","03"
"247",2022,"3404",0,"New Jersey","04"
"248",2022,"3405",1,"New Jersey","05"
"249",2022,"3406",1,"New Jersey","06"
"250",2022,"3407",1,"New Jersey","07"
"251",2022,"3408",1,"New Jersey","08"
"252",2022,"3409",1,"New Jersey","09"
"253",2022,"3410",1,"New Jersey","10"
"254",2022,"3411",1,"New Jersey","11"
"255",2022,"3412",1,"New Jersey","12"
"256",2022,"3501",1,"New Mexico","01"
"257",2022,"3502",0,"New Mexico","02"
"258",2022,"3503",1,"New Mexico","03"
"259",2022,"3601",0,"New York","01"
"260",2022,"3602",0,"New York","02"
"261",2022,"3603",1,"New York","03"
"262",2022,"3604",1,"New York","04"
"263",2022,"3605",1,"New York","05"
"264",2022,"3606",1,"New York","06"
"265",2022,"3607",1,"New York","07"
"266",2022,"3608",1,"New York","08"
"267",2022,"3609",1,"New York","09"
"268",2022,"3610",1,"New York","10"
"269",2022,"3611",0,"New York","11"
"270",2022,"3612",1,"New York","12"
"271",2022,"3613",1,"New York","13"
"272",2022,"3614",1,"New York","14"
"273",2022,"3615",1,"New York","15"
"274",2022,"3616",1,"New York","16"
"275",2022,"3617",1,"New York","17"
"276",2022,"3618",1,"New York","18"
"277",2022,"3619",1,"New York","19"
"278",2022,"3620",1,"New York","20"
"279",2022,"3621",0,"New York","21"
"280",2022,"3622",0,"New York","22"
"281",2022,"3623",0,"New York","23"
"282",2022,"3624",0,"New York","24"
"283",2022,"3625",1,"New York","25"
"284",2022,"3626",1,"New York","26"
"285",2022,"3627",0,"New York","27"
"286",2022,"3701",1,"North Carolina","01"
"287",2022,"3702",1,"North Carolina","02"
"288",2022,"3703",0,"North Carolina","03"
"289",2022,"3704",1,"North Carolina","04"
"290",2022,"3705",0,"North Carolina","05"
"291",2022,"3706",1,"North Carolina","06"
"292",2022,"3707",0,"North Carolina","07"
"293",2022,"3708",0,"North Carolina","08"
"294",2022,"3709",0,"North Carolina","09"
"295",2022,"3710",0,"North Carolina","10"
"296",2022,"3711",0,"North Carolina","11"
"297",2022,"3712",1,"North Carolina","12"
"298",2022,"3713",0,"North Carolina","13"
"299",2022,"3800",0,"North Dakota","00"
"300",2022,"3901",0,"Ohio","01"
"301",2022,"3902",0,"Ohio","02"
"302",2022,"3903",1,"Ohio","03"
"303",2022,"3904",0,"Ohio","04"
"304",2022,"3905",0,"Ohio","05"
"305",2022,"3906",0,"Ohio","06"
"306",2022,"3907",0,"Ohio","07"
"307",2022,"3908",0,"Ohio","08"
"308",2022,"3909",1,"Ohio","09"
"309",2022,"3910",0,"Ohio","10"
"310",2022,"3911",1,"Ohio","11"
"311",2022,"3912",0,"Ohio","12"
"312",2022,"3913",1,"Ohio","13"
"313",2022,"3914",0,"Ohio","14"
"314",2022,"3915",0,"Ohio","15"
"315",2022,"3916",0,"Ohio","16"
"316",2022,"4001",0,"Oklahoma","01"
"317",2022,"4002",0,"Oklahoma","02"
"318",2022,"4003",0,"Oklahoma","03"
"319",2022,"4004",0,"Oklahoma","04"
"320",2022,"4005",0,"Oklahoma","05"
"321",2022,"4101",1,"Oregon","01"
"322",2022,"4102",0,"Oregon","02"
"323",2022,"4103",1,"Oregon","03"
"324",2022,"4104",1,"Oregon","04"
"325",2022,"4105",1,"Oregon","05"
"326",2022,"4201",0,"Pennsylvania","01"
"327",2022,"4202",1,"Pennsylvania","02"
"328",2022,"4203",1,"Pennsylvania","03"
"329",2022,"4204",1,"Pennsylvania","04"
"330",2022,"4205",1,"Pennsylvania","05"
"331",2022,"4206",1,"Pennsylvania","06"
"332",2022,"4207",1,"Pennsylvania","07"
"333",2022,"4208",1,"Pennsylvania","08"
"334",2022,"4209",0,"Pennsylvania","09"
"335",2022,"4210",0,"Pennsylvania","10"
"336",2022,"4211",0,"Pennsylvania","11"
"337",2022,"4212",0,"Pennsylvania","12"
"338",2022,"4213",0,"Pennsylvania","13"
"339",2022,"4214",0,"Pennsylvania","14"
"340",2022,"4215",0,"Pennsylvania","15"
"341",2022,"4216",0,"Pennsylvania","16"
"342",2022,"4217",1,"Pennsylvania","17"
"343",2022,"4218",1,"Pennsylvania","18"
"344",2022,"4402",1,"Rhode Island","02"
"345",2022,"4401",1,"Rhode Island","01"
"346",2022,"4501",0,"South Carolina","01"
"347",2022,"4502",0,"South Carolina","02"
"348",2022,"4503",0,"South Carolina","03"
"349",2022,"4504",0,"South Carolina","04"
"350",2022,"4505",0,"South Carolina","05"
"351",2022,"4506",1,"South Carolina","06"
"352",2022,"4507",0,"South Carolina","07"
"353",2022,"4600",0,"South Dakota","00"
"354",2022,"4701",0,"Tennessee","01"
"355",2022,"4702",0,"Tennessee","02"
"356",2022,"4703",0,"Tennessee","03"
"357",2022,"4704",0,"Tennessee","04"
"358",2022,"4705",1,"Tennessee","05"
"359",2022,"4706",0,"Tennessee","06"
"360",2022,"4707",0,"Tennessee","07"
"361",2022,"4708",0,"Tennessee","08"
"362",2022,"4709",1,"Tennessee","09"
"363",2022,"4801",0,"Texas","01"
"364",2022,"4802",0,"Texas","02"
"365",2022,"4803",0,"Texas","03"
"366",2022,"4804",0,"Texas","04"
"367",2022,"4805",0,"Texas","05"
"368",2022,"4806",0,"Texas","06"
"369",2022,"4807",1,"Texas","07"
"370",2022,"4808",0,"Texas","08"
"371",2022,"4809",1,"Texas","09"
"372",2022,"4810",0,"Texas","10"
"373",2022,"4811",0,"Texas","11"
"374",2022,"4812",0,"Texas","12"
"375",2022,"4813",0,"Texas","13"
"376",2022,"4814",0,"Texas","14"
"377",2022,"4815",1,"Texas","15"
"378",2022,"4816",1,"Texas","16"
"379",2022,"4817",0,"Texas","17"
"380",2022,"4818",1,"Texas","18"
"381",2022,"4819",0,"Texas","19"
"382",2022,"4820",1,"Texas","20"
"383",2022,"4821",0,"Texas","21"
"384",2022,"4822",0,"Texas","22"
"385",2022,"4823",0,"Texas","23"
"386",2022,"4824",0,"Texas","24"
"387",2022,"4825",0,"Texas","25"
"388",2022,"4826",0,"Texas","26"
"389",2022,"4827",0,"Texas","27"
"390",2022,"4828",1,"Texas","28"
"391",2022,"4829",1,"Texas","29"
"392",2022,"4830",1,"Texas","30"
"393",2022,"4831",0,"Texas","31"
"394",2022,"4832",1,"Texas","32"
"395",2022,"4834",1,"Texas","34"
"396",2022,"4833",1,"Texas","33"
"397",2022,"4835",1,"Texas","35"
"398",2022,"4836",0,"Texas","36"
"399",2022,"4901",0,"Utah","01"
"400",2022,"4902",0,"Utah","02"
"401",2022,"4903",0,"Utah","03"
"402",2022,"4904",0,"Utah","04"
"403",2022,"5000",1,"Vermont","00"
"404",2022,"5101",0,"Virginia","01"
"405",2022,"5102",1,"Virginia","02"
"406",2022,"5103",1,"Virginia","03"
"407",2022,"5104",1,"Virginia","04"
"408",2022,"5105",0,"Virginia","05"
"409",2022,"5106",0,"Virginia","06"
"410",2022,"5107",1,"Virginia","07"
"411",2022,"5108",1,"Virginia","08"
"412",2022,"5109",0,"Virginia","09"
"413",2022,"5110",1,"Virginia","10"
"414",2022,"5111",1,"Virginia","11"
"415",2022,"5301",1,"Washington","01"
"416",2022,"5302",1,"Washington","02"
"417",2022,"5303",0,"Washington","03"
"418",2022,"5304",0,"Washington","04"
"419",2022,"5305",0,"Washington","05"
"420",2022,"5306",1,"Washington","06"
"421",2022,"5307",1,"Washington","07"
"422",2022,"5308",1,"Washington","08"
"423",2022,"5309",1,"Washington","09"
"424",2022,"5310",1,"Washington","10"
"425",2022,"5401",0,"West Virginia","01"
"426",2022,"5402",0,"West Virginia","02"
"427",2022,"5403",0,"West Virginia","03"
"428",2022,"5501",0,"Wisconsin","01"
"429",2022,"5502",1,"Wisconsin","02"
"430",2022,"5503",1,"Wisconsin","03"
"431",2022,"5504",1,"Wisconsin","04"
"432",2022,"5505",0,"Wisconsin","05"
"433",2022,"5506",0,"Wisconsin","06"
"434",2022,"5507",0,"Wisconsin","07"
"435",2022,"5508",0,"Wisconsin","08"
"436",2022,"5600",0,"Wyoming","00"
"437",2020,"0101",0,"Alabama","01"
"438",2020,"0102",0,"Alabama","02"
"439",2020,"0103",0,"Alabama","03"
"440",2020,"0104",0,"Alabama","04"
"441",2020,"0105",0,"Alabama","05"
"442",2020,"0106",0,"Alabama","06"
"443",2020,"0107",1,"Alabama","07"
"444",2020,"0200",0,"Alaska","00"
"445",2020,"0401",1,"Arizona","01"
"446",2020,"0402",1,"Arizona","02"
"447",2020,"0403",1,"Arizona","03"
"448",2020,"0404",0,"Arizona","04"
"449",2020,"0405",0,"Arizona","05"
"450",2020,"0406",0,"Arizona","06"
"451",2020,"0407",1,"Arizona","07"
"452",2020,"0408",0,"Arizona","08"
"453",2020,"0409",1,"Arizona","09"
"454",2020,"0501",0,"Arkansas","01"
"455",2020,"0502",0,"Arkansas","02"
"456",2020,"0503",0,"Arkansas","03"
"457",2020,"0504",0,"Arkansas","04"
"458",2020,"0601",0,"California","01"
"459",2020,"0602",1,"California","02"
"460",2020,"0603",1,"California","03"
"461",2020,"0604",0,"California","04"
"462",2020,"0605",1,"California","05"
"463",2020,"0606",1,"California","06"
"464",2020,"0607",1,"California","07"
"465",2020,"0608",0,"California","08"
"466",2020,"0609",1,"California","09"
"467",2020,"0610",1,"California","10"
"468",2020,"0611",1,"California","11"
"469",2020,"0612",1,"California","12"
"470",2020,"0613",1,"California","13"
"471",2020,"0614",1,"California","14"
"472",2020,"0615",1,"California","15"
"473",2020,"0616",1,"California","16"
"474",2020,"0617",1,"California","17"
"475",2020,"0618",1,"California","18"
"476",2020,"0619",1,"California","19"
"477",2020,"0620",1,"California","20"
"478",2020,"0621",1,"California","21"
"479",2020,"0622",0,"California","22"
"480",2020,"0623",0,"California","23"
"481",2020,"0624",1,"California","24"
"482",2020,"0625",1,"California","25"
"483",2020,"0626",1,"California","26"
"484",2020,"0627",1,"California","27"
"485",2020,"0628",1,"California","28"
"486",2020,"0629",1,"California","29"
"487",2020,"0630",1,"California","30"
"488",2020,"0631",1,"California","31"
"489",2020,"0632",1,"California","32"
"490",2020,"0633",1,"California","33"
"491",2020,"0634",1,"California","34"
"492",2020,"0635",1,"California","35"
"493",2020,"0636",1,"California","36"
"494",2020,"0637",1,"California","37"
"495",2020,"0638",1,"California","38"
"496",2020,"0639",1,"California","39"
"497",2020,"0640",1,"California","40"
"498",2020,"0641",1,"California","41"
"499",2020,"0642",0,"California","42"
"500",2020,"0643",1,"California","43"
"501",2020,"0644",1,"California","44"
"502",2020,"0645",1,"California","45"
"503",2020,"0646",1,"California","46"
"504",2020,"0647",1,"California","47"
"505",2020,"0648",1,"California","48"
"506",2020,"0649",1,"California","49"
"507",2020,"0650",0,"California","50"
"508",2020,"0651",1,"California","51"
"509",2020,"0652",1,"California","52"
"510",2020,"0653",1,"California","53"
"511",2020,"0801",1,"Colorado","01"
"512",2020,"0802",1,"Colorado","02"
"513",2020,"0803",0,"Colorado","03"
"514",2020,"0804",0,"Colorado","04"
"515",2020,"0805",0,"Colorado","05"
"516",2020,"0806",1,"Colorado","06"
"517",2020,"0807",1,"Colorado","07"
"518",2020,"0901",1,"Connecticut","01"
"519",2020,"0902",1,"Connecticut","02"
"520",2020,"0903",1,"Connecticut","03"
"521",2020,"0904",1,"Connecticut","04"
"522",2020,"0905",1,"Connecticut","05"
"523",2020,"1000",1,"Delaware","00"
"524",2020,"1201",0,"Florida","01"
"525",2020,"1202",0,"Florida","02"
"526",2020,"1203",0,"Florida","03"
"527",2020,"1204",0,"Florida","04"
"528",2020,"1205",1,"Florida","05"
"529",2020,"1206",0,"Florida","06"
"530",2020,"1207",1,"Florida","07"
"531",2020,"1208",0,"Florida","08"
"532",2020,"1209",1,"Florida","09"
"533",2020,"1210",1,"Florida","10"
"534",2020,"1211",0,"Florida","11"
"535",2020,"1212",0,"Florida","12"
"536",2020,"1213",1,"Florida","13"
"537",2020,"1214",1,"Florida","14"
"538",2020,"1215",0,"Florida","15"
"539",2020,"1216",0,"Florida","16"
"540",2020,"1217",0,"Florida","17"
"541",2020,"1218",0,"Florida","18"
"542",2020,"1219",0,"Florida","19"
"543",2020,"1220",1,"Florida","20"
"544",2020,"1221",1,"Florida","21"
"545",2020,"1222",1,"Florida","22"
"546",2020,"1224",1,"Florida","24"
"547",2020,"1225",0,"Florida","25"
"548",2020,"1226",1,"Florida","26"
"549",2020,"1227",1,"Florida","27"
"550",2020,"1301",0,"Georgia","01"
"551",2020,"1223",1,"Florida","23"
"552",2020,"1302",1,"Georgia","02"
"553",2020,"1303",0,"Georgia","03"
"554",2020,"1304",1,"Georgia","04"
"555",2020,"1305",1,"Georgia","05"
"556",2020,"1306",1,"Georgia","06"
"557",2020,"1307",0,"Georgia","07"
"558",2020,"1308",0,"Georgia","08"
"559",2020,"1309",0,"Georgia","09"
"560",2020,"1310",0,"Georgia","10"
"561",2020,"1311",0,"Georgia","11"
"562",2020,"1312",0,"Georgia","12"
"563",2020,"1313",1,"Georgia","13"
"564",2020,"1314",0,"Georgia","14"
"565",2020,"1501",1,"Hawaii","01"
"566",2020,"1502",1,"Hawaii","02"
"567",2020,"1601",0,"Idaho","01"
"568",2020,"1602",0,"Idaho","02"
"569",2020,"1701",1,"Illinois","01"
"570",2020,"1702",1,"Illinois","02"
"571",2020,"1703",1,"Illinois","03"
"572",2020,"1704",1,"Illinois","04"
"573",2020,"1705",1,"Illinois","05"
"574",2020,"1706",1,"Illinois","06"
"575",2020,"1707",1,"Illinois","07"
"576",2020,"1708",1,"Illinois","08"
"577",2020,"1709",1,"Illinois","09"
"578",2020,"1710",1,"Illinois","10"
"579",2020,"1711",1,"Illinois","11"
"580",2020,"1712",0,"Illinois","12"
"581",2020,"1713",0,"Illinois","13"
"582",2020,"1714",1,"Illinois","14"
"583",2020,"1715",0,"Illinois","15"
"584",2020,"1716",0,"Illinois","16"
"585",2020,"1717",1,"Illinois","17"
"586",2020,"1718",0,"Illinois","18"
"587",2020,"1801",1,"Indiana","01"
"588",2020,"1802",0,"Indiana","02"
"589",2020,"1803",0,"Indiana","03"
"590",2020,"1804",0,"Indiana","04"
"591",2020,"1805",0,"Indiana","05"
"592",2020,"1806",0,"Indiana","06"
"593",2020,"1807",1,"Indiana","07"
"594",2020,"1808",0,"Indiana","08"
"595",2020,"1809",0,"Indiana","09"
"596",2020,"1901",1,"Iowa","01"
"597",2020,"1902",1,"Iowa","02"
"598",2020,"1903",1,"Iowa","03"
"599",2020,"1904",0,"Iowa","04"
"600",2020,"2001",0,"Kansas","01"
"601",2020,"2002",0,"Kansas","02"
"602",2020,"2003",1,"Kansas","03"
"603",2020,"2004",0,"Kansas","04"
"604",2020,"2101",0,"Kentucky","01"
"605",2020,"2102",0,"Kentucky","02"
"606",2020,"2103",1,"Kentucky","03"
"607",2020,"2104",0,"Kentucky","04"
"608",2020,"2105",0,"Kentucky","05"
"609",2020,"2106",0,"Kentucky","06"
"610",2020,"2201",0,"Louisiana","01"
"611",2020,"2202",1,"Louisiana","02"
"612",2020,"2203",0,"Louisiana","03"
"613",2020,"2204",0,"Louisiana","04"
"614",2020,"2205",0,"Louisiana","05"
"615",2020,"2206",0,"Louisiana","06"
"616",2020,"2301",1,"Maine","01"
"617",2020,"2302",0,"Maine","02"
"618",2020,"2302",1,"Maine","02"
"619",2020,"2401",0,"Maryland","01"
"620",2020,"2402",1,"Maryland","02"
"621",2020,"2403",1,"Maryland","03"
"622",2020,"2404",1,"Maryland","04"
"623",2020,"2407",1,"Maryland","07"
"624",2020,"2405",1,"Maryland","05"
"625",2020,"2406",1,"Maryland","06"
"626",2020,"2408",1,"Maryland","08"
"627",2020,"2501",1,"Massachusetts","01"
"628",2020,"2502",1,"Massachusetts","02"
"629",2020,"2503",1,"Massachusetts","03"
"630",2020,"2504",1,"Massachusetts","04"
"631",2020,"2505",1,"Massachusetts","05"
"632",2020,"2506",1,"Massachusetts","06"
"633",2020,"2507",1,"Massachusetts","07"
"634",2020,"2508",1,"Massachusetts","08"
"635",2020,"2509",1,"Massachusetts","09"
"636",2020,"2601",0,"Michigan","01"
"637",2020,"2602",0,"Michigan","02"
"638",2020,"2603",0,"Michigan","03"
"639",2020,"2604",0,"Michigan","04"
"640",2020,"2605",1,"Michigan","05"
"641",2020,"2606",0,"Michigan","06"
"642",2020,"2607",0,"Michigan","07"
"643",2020,"2608",1,"Michigan","08"
"644",2020,"2609",1,"Michigan","09"
"645",2020,"2610",0,"Michigan","10"
"646",2020,"2611",1,"Michigan","11"
"647",2020,"2612",1,"Michigan","12"
"648",2020,"2613",1,"Michigan","13"
"649",2020,"2614",1,"Michigan","14"
"650",2020,"2701",0,"Minnesota","01"
"651",2020,"2702",1,"Minnesota","02"
"652",2020,"2703",1,"Minnesota","03"
"653",2020,"2704",1,"Minnesota","04"
"654",2020,"2705",1,"Minnesota","05"
"655",2020,"2706",0,"Minnesota","06"
"656",2020,"2707",1,"Minnesota","07"
"657",2020,"2708",0,"Minnesota","08"
"658",2020,"2801",0,"Mississippi","01"
"659",2020,"2802",1,"Mississippi","02"
"660",2020,"2803",0,"Mississippi","03"
"661",2020,"2804",0,"Mississippi","04"
"662",2020,"2901",1,"Missouri","01"
"663",2020,"2902",0,"Missouri","02"
"664",2020,"2903",0,"Missouri","03"
"665",2020,"2904",0,"Missouri","04"
"666",2020,"2905",1,"Missouri","05"
"667",2020,"2906",0,"Missouri","06"
"668",2020,"2907",0,"Missouri","07"
"669",2020,"2908",0,"Missouri","08"
"670",2020,"3000",0,"Montana","00"
"671",2020,"3101",0,"Nebraska","01"
"672",2020,"3102",0,"Nebraska","02"
"673",2020,"3103",0,"Nebraska","03"
"674",2020,"3201",1,"Nevada","01"
"675",2020,"3202",0,"Nevada","02"
"676",2020,"3203",1,"Nevada","03"
"677",2020,"3204",1,"Nevada","04"
"678",2020,"3301",1,"New Hampshire","01"
"679",2020,"3302",1,"New Hampshire","02"
"680",2020,"3401",1,"New Jersey","01"
"681",2020,"3402",1,"New Jersey","02"
"682",2020,"3403",1,"New Jersey","03"
"683",2020,"3404",0,"New Jersey","04"
"684",2020,"3405",1,"New Jersey","05"
"685",2020,"3406",1,"New Jersey","06"
"686",2020,"3407",1,"New Jersey","07"
"687",2020,"3408",1,"New Jersey","08"
"688",2020,"3409",1,"New Jersey","09"
"689",2020,"3411",1,"New Jersey","11"
"690",2020,"3412",1,"New Jersey","12"
"691",2020,"3501",1,"New Mexico","01"
"692",2020,"3410",1,"New Jersey","10"
"693",2020,"3502",1,"New Mexico","02"
"694",2020,"3503",1,"New Mexico","03"
"695",2020,"3601",0,"New York","01"
"696",2020,"3602",0,"New York","02"
"697",2020,"3603",1,"New York","03"
"698",2020,"3604",1,"New York","04"
"699",2020,"3605",1,"New York","05"
"700",2020,"3606",1,"New York","06"
"701",2020,"3607",1,"New York","07"
"702",2020,"3608",1,"New York","08"
"703",2020,"3609",1,"New York","09"
"704",2020,"3610",1,"New York","10"
"705",2020,"3611",1,"New York","11"
"706",2020,"3612",1,"New York","12"
"707",2020,"3613",1,"New York","13"
"708",2020,"3614",1,"New York","14"
"709",2020,"3615",1,"New York","15"
"710",2020,"3616",1,"New York","16"
"711",2020,"3617",1,"New York","17"
"712",2020,"3618",1,"New York","18"
"713",2020,"3903",1,"Ohio","03"
"714",2020,"3904",0,"Ohio","04"
"715",2020,"3905",0,"Ohio","05"
"716",2020,"3619",1,"New York","19"
"717",2020,"3620",1,"New York","20"
"718",2020,"3621",0,"New York","21"
"719",2020,"3622",1,"New York","22"
"720",2020,"3623",0,"New York","23"
"721",2020,"3624",0,"New York","24"
"722",2020,"3625",1,"New York","25"
"723",2020,"3626",1,"New York","26"
"724",2020,"3627",0,"New York","27"
"725",2020,"3701",1,"North Carolina","01"
"726",2020,"3702",0,"North Carolina","02"
"727",2020,"3703",0,"North Carolina","03"
"728",2020,"3704",1,"North Carolina","04"
"729",2020,"3705",0,"North Carolina","05"
"730",2020,"3706",0,"North Carolina","06"
"731",2020,"3707",0,"North Carolina","07"
"732",2020,"3708",0,"North Carolina","08"
"733",2020,"3709",0,"North Carolina","09"
"734",2020,"3710",0,"North Carolina","10"
"735",2020,"3711",0,"North Carolina","11"
"736",2020,"3712",1,"North Carolina","12"
"737",2020,"3713",0,"North Carolina","13"
"738",2020,"3800",0,"North Dakota","00"
"739",2020,"3901",0,"Ohio","01"
"740",2020,"3902",0,"Ohio","02"
"741",2020,"3906",0,"Ohio","06"
"742",2020,"3907",0,"Ohio","07"
"743",2020,"3908",0,"Ohio","08"
"744",2020,"3909",1,"Ohio","09"
"745",2020,"3910",0,"Ohio","10"
"746",2020,"3911",1,"Ohio","11"
"747",2020,"3912",0,"Ohio","12"
"748",2020,"3913",1,"Ohio","13"
"749",2020,"3914",0,"Ohio","14"
"750",2020,"3915",0,"Ohio","15"
"751",2020,"3916",0,"Ohio","16"
"752",2020,"4001",0,"Oklahoma","01"
"753",2020,"4002",0,"Oklahoma","02"
"754",2020,"4003",0,"Oklahoma","03"
"755",2020,"4004",0,"Oklahoma","04"
"756",2020,"4005",1,"Oklahoma","05"
"757",2020,"4101",1,"Oregon","01"
"758",2020,"4102",0,"Oregon","02"
"759",2020,"4103",1,"Oregon","03"
"760",2020,"4104",1,"Oregon","04"
"761",2020,"4105",1,"Oregon","05"
"762",2020,"4201",0,"Pennsylvania","01"
"763",2020,"4202",1,"Pennsylvania","02"
"764",2020,"4203",1,"Pennsylvania","03"
"765",2020,"4204",1,"Pennsylvania","04"
"766",2020,"4205",1,"Pennsylvania","05"
"767",2020,"4206",1,"Pennsylvania","06"
"768",2020,"4207",1,"Pennsylvania","07"
"769",2020,"4208",1,"Pennsylvania","08"
"770",2020,"4209",0,"Pennsylvania","09"
"771",2020,"4210",0,"Pennsylvania","10"
"772",2020,"4211",0,"Pennsylvania","11"
"773",2020,"4212",0,"Pennsylvania","12"
"774",2020,"4213",0,"Pennsylvania","13"
"775",2020,"4214",0,"Pennsylvania","14"
"776",2020,"4215",0,"Pennsylvania","15"
"777",2020,"4216",0,"Pennsylvania","16"
"778",2020,"4217",1,"Pennsylvania","17"
"779",2020,"4218",1,"Pennsylvania","18"
"780",2020,"4401",1,"Rhode Island","01"
"781",2020,"4402",1,"Rhode Island","02"
"782",2020,"4501",1,"South Carolina","01"
"783",2020,"4502",0,"South Carolina","02"
"784",2020,"4503",0,"South Carolina","03"
"785",2020,"4504",0,"South Carolina","04"
"786",2020,"4505",0,"South Carolina","05"
"787",2020,"4506",1,"South Carolina","06"
"788",2020,"4507",0,"South Carolina","07"
"789",2020,"4600",0,"South Dakota","00"
"790",2020,"4701",0,"Tennessee","01"
"791",2020,"4703",0,"Tennessee","03"
"792",2020,"4704",0,"Tennessee","04"
"793",2020,"4705",1,"Tennessee","05"
"794",2020,"4702",0,"Tennessee","02"
"795",2020,"4706",0,"Tennessee","06"
"796",2020,"4707",0,"Tennessee","07"
"797",2020,"4708",0,"Tennessee","08"
"798",2020,"4709",1,"Tennessee","09"
"799",2020,"4801",0,"Texas","01"
"800",2020,"4802",0,"Texas","02"
"801",2020,"4803",0,"Texas","03"
"802",2020,"4804",0,"Texas","04"
"803",2020,"4805",0,"Texas","05"
"804",2020,"4806",0,"Texas","06"
"805",2020,"4807",1,"Texas","07"
"806",2020,"4808",0,"Texas","08"
"807",2020,"4809",1,"Texas","09"
"808",2020,"4810",0,"Texas","10"
"809",2020,"4811",0,"Texas","11"
"810",2020,"4812",0,"Texas","12"
"811",2020,"4813",0,"Texas","13"
"812",2020,"4814",0,"Texas","14"
"813",2020,"4815",1,"Texas","15"
"814",2020,"4816",1,"Texas","16"
"815",2020,"4817",0,"Texas","17"
"816",2020,"4818",1,"Texas","18"
"817",2020,"4819",0,"Texas","19"
"818",2020,"4820",1,"Texas","20"
"819",2020,"4821",0,"Texas","21"
"820",2020,"4822",0,"Texas","22"
"821",2020,"4823",0,"Texas","23"
"822",2020,"4824",0,"Texas","24"
"823",2020,"4825",0,"Texas","25"
"824",2020,"4826",0,"Texas","26"
"825",2020,"4827",0,"Texas","27"
"826",2020,"4828",1,"Texas","28"
"827",2020,"4829",1,"Texas","29"
"828",2020,"4830",1,"Texas","30"
"829",2020,"4831",0,"Texas","31"
"830",2020,"4832",1,"Texas","32"
"831",2020,"4833",1,"Texas","33"
"832",2020,"4834",1,"Texas","34"
"833",2020,"4835",1,"Texas","35"
"834",2020,"4836",0,"Texas","36"
"835",2020,"4901",0,"Utah","01"
"836",2020,"4902",0,"Utah","02"
"837",2020,"4903",0,"Utah","03"
"838",2020,"4904",1,"Utah","04"
"839",2020,"5000",1,"Vermont","00"
"840",2020,"5101",0,"Virginia","01"
"841",2020,"5102",1,"Virginia","02"
"842",2020,"5103",1,"Virginia","03"
"843",2020,"5104",1,"Virginia","04"
"844",2020,"5105",0,"Virginia","05"
"845",2020,"5106",0,"Virginia","06"
"846",2020,"5107",1,"Virginia","07"
"847",2020,"5108",1,"Virginia","08"
"848",2020,"5109",0,"Virginia","09"
"849",2020,"5110",1,"Virginia","10"
"850",2020,"5111",1,"Virginia","11"
"851",2020,"5301",1,"Washington","01"
"852",2020,"5302",1,"Washington","02"
"853",2020,"5303",0,"Washington","03"
"854",2020,"5304",0,"Washington","04"
"855",2020,"5305",0,"Washington","05"
"856",2020,"5306",1,"Washington","06"
"857",2020,"5307",1,"Washington","07"
"858",2020,"5308",1,"Washington","08"
"859",2020,"5309",1,"Washington","09"
"860",2020,"5310",1,"Washington","10"
"861",2020,"5401",0,"West Virginia","01"
"862",2020,"5402",0,"West Virginia","02"
"863",2020,"5403",0,"West Virginia","03"
"864",2020,"5501",0,"Wisconsin","01"
"865",2020,"5502",1,"Wisconsin","02"
"866",2020,"5503",1,"Wisconsin","03"
"867",2020,"5504",1,"Wisconsin","04"
"868",2020,"5505",0,"Wisconsin","05"
"869",2020,"5506",0,"Wisconsin","06"
"870",2020,"5508",0,"Wisconsin","08"
"871",2020,"5507",0,"Wisconsin","07"
"872",2020,"5600",0,"Wyoming","00"
"873",2018,"0101",0,"Alabama","01"
"874",2018,"0102",0,"Alabama","02"
"875",2018,"0103",0,"Alabama","03"
"876",2018,"0104",0,"Alabama","04"
"877",2018,"0105",0,"Alabama","05"
"878",2018,"0106",0,"Alabama","06"
"879",2018,"0107",1,"Alabama","07"
"880",2018,"0200",0,"Alaska","00"
"881",2018,"0401",1,"Arizona","01"
"882",2018,"0402",0,"Arizona","02"
"883",2018,"0403",1,"Arizona","03"
"884",2018,"0404",0,"Arizona","04"
"885",2018,"0405",0,"Arizona","05"
"886",2018,"0406",0,"Arizona","06"
"887",2018,"0407",1,"Arizona","07"
"888",2018,"0408",0,"Arizona","08"
"889",2018,"0409",1,"Arizona","09"
"890",2018,"0501",0,"Arkansas","01"
"891",2018,"0502",0,"Arkansas","02"
"892",2018,"0503",0,"Arkansas","03"
"893",2018,"0504",0,"Arkansas","04"
"894",2018,"0601",0,"California","01"
"895",2018,"0602",1,"California","02"
"896",2018,"0603",1,"California","03"
"897",2018,"0604",0,"California","04"
"898",2018,"0605",1,"California","05"
"899",2018,"0606",1,"California","06"
"900",2018,"0607",1,"California","07"
"901",2018,"0608",0,"California","08"
"902",2018,"0609",1,"California","09"
"903",2018,"0610",0,"California","10"
"904",2018,"0611",1,"California","11"
"905",2018,"0612",1,"California","12"
"906",2018,"0613",1,"California","13"
"907",2018,"0614",1,"California","14"
"908",2018,"0615",1,"California","15"
"909",2018,"0616",1,"California","16"
"910",2018,"0617",1,"California","17"
"911",2018,"0618",1,"California","18"
"912",2018,"0619",1,"California","19"
"913",2018,"0620",1,"California","20"
"914",2018,"0621",0,"California","21"
"915",2018,"0622",0,"California","22"
"916",2018,"0623",0,"California","23"
"917",2018,"0624",1,"California","24"
"918",2018,"0625",0,"California","25"
"919",2018,"0626",1,"California","26"
"920",2018,"0627",1,"California","27"
"921",2018,"0628",1,"California","28"
"922",2018,"0629",1,"California","29"
"923",2018,"0630",1,"California","30"
"924",2018,"0631",1,"California","31"
"925",2018,"0632",1,"California","32"
"926",2018,"0633",1,"California","33"
"927",2018,"0634",1,"California","34"
"928",2018,"0635",1,"California","35"
"929",2018,"0636",1,"California","36"
"930",2018,"0637",1,"California","37"
"931",2018,"0638",1,"California","38"
"932",2018,"0639",0,"California","39"
"933",2018,"0640",1,"California","40"
"934",2018,"0641",1,"California","41"
"935",2018,"0642",0,"California","42"
"936",2018,"0643",1,"California","43"
"937",2018,"0644",1,"California","44"
"938",2018,"0645",0,"California","45"
"939",2018,"0646",1,"California","46"
"940",2018,"0647",1,"California","47"
"941",2018,"0648",0,"California","48"
"942",2018,"0649",0,"California","49"
"943",2018,"0650",0,"California","50"
"944",2018,"0651",1,"California","51"
"945",2018,"0652",1,"California","52"
"946",2018,"0653",1,"California","53"
"947",2018,"0801",1,"Colorado","01"
"948",2018,"0802",1,"Colorado","02"
"949",2018,"0803",0,"Colorado","03"
"950",2018,"0804",0,"Colorado","04"
"951",2018,"0805",0,"Colorado","05"
"952",2018,"0806",0,"Colorado","06"
"953",2018,"0807",1,"Colorado","07"
"954",2018,"0901",1,"Connecticut","01"
"955",2018,"0902",1,"Connecticut","02"
"956",2018,"0903",1,"Connecticut","03"
"957",2018,"0904",1,"Connecticut","04"
"958",2018,"1201",0,"Florida","01"
"959",2018,"0905",1,"Connecticut","05"
"960",2018,"1000",1,"Delaware","00"
"961",2018,"1202",0,"Florida","02"
"962",2018,"1203",0,"Florida","03"
"963",2018,"1204",0,"Florida","04"
"964",2018,"1205",1,"Florida","05"
"965",2018,"1206",0,"Florida","06"
"966",2018,"1207",1,"Florida","07"
"967",2018,"1208",0,"Florida","08"
"968",2018,"1209",1,"Florida","09"
"969",2018,"1210",1,"Florida","10"
"970",2018,"1211",0,"Florida","11"
"971",2018,"1212",0,"Florida","12"
"972",2018,"1213",1,"Florida","13"
"973",2018,"1214",1,"Florida","14"
"974",2018,"1215",0,"Florida","15"
"975",2018,"1216",0,"Florida","16"
"976",2018,"1217",0,"Florida","17"
"977",2018,"1218",0,"Florida","18"
"978",2018,"1219",0,"Florida","19"
"979",2018,"1220",1,"Florida","20"
"980",2018,"1221",1,"Florida","21"
"981",2018,"1222",1,"Florida","22"
"982",2018,"1707",1,"Illinois","07"
"983",2018,"1708",1,"Illinois","08"
"984",2018,"1709",1,"Illinois","09"
"985",2018,"1223",1,"Florida","23"
"986",2018,"1224",1,"Florida","24"
"987",2018,"1225",0,"Florida","25"
"988",2018,"1226",0,"Florida","26"
"989",2018,"1227",0,"Florida","27"
"990",2018,"1301",0,"Georgia","01"
"991",2018,"1302",1,"Georgia","02"
"992",2018,"1303",0,"Georgia","03"
"993",2018,"1304",1,"Georgia","04"
"994",2018,"1305",1,"Georgia","05"
"995",2018,"1306",0,"Georgia","06"
"996",2018,"1307",0,"Georgia","07"
"997",2018,"1308",0,"Georgia","08"
"998",2018,"1309",0,"Georgia","09"
"999",2018,"1310",0,"Georgia","10"
"1000",2018,"1311",0,"Georgia","11"
"1001",2018,"1312",0,"Georgia","12"
"1002",2018,"1313",1,"Georgia","13"
"1003",2018,"1314",0,"Georgia","14"
"1004",2018,"1501",1,"Hawaii","01"
"1005",2018,"1502",1,"Hawaii","02"
"1006",2018,"1601",0,"Idaho","01"
"1007",2018,"1602",0,"Idaho","02"
"1008",2018,"1701",1,"Illinois","01"
"1009",2018,"1702",1,"Illinois","02"
"1010",2018,"1703",1,"Illinois","03"
"1011",2018,"1704",1,"Illinois","04"
"1012",2018,"1705",1,"Illinois","05"
"1013",2018,"1706",0,"Illinois","06"
"1014",2018,"1710",1,"Illinois","10"
"1015",2018,"1711",1,"Illinois","11"
"1016",2018,"1712",0,"Illinois","12"
"1017",2018,"1713",0,"Illinois","13"
"1018",2018,"1714",0,"Illinois","14"
"1019",2018,"1715",0,"Illinois","15"
"1020",2018,"1716",0,"Illinois","16"
"1021",2018,"1717",1,"Illinois","17"
"1022",2018,"1718",0,"Illinois","18"
"1023",2018,"1801",1,"Indiana","01"
"1024",2018,"1802",0,"Indiana","02"
"1025",2018,"1803",0,"Indiana","03"
"1026",2018,"1804",0,"Indiana","04"
"1027",2018,"1805",0,"Indiana","05"
"1028",2018,"1806",0,"Indiana","06"
"1029",2018,"1807",1,"Indiana","07"
"1030",2018,"1808",0,"Indiana","08"
"1031",2018,"1809",0,"Indiana","09"
"1032",2018,"1901",0,"Iowa","01"
"1033",2018,"1902",1,"Iowa","02"
"1034",2018,"1903",0,"Iowa","03"
"1035",2018,"1904",0,"Iowa","04"
"1036",2018,"2001",0,"Kansas","01"
"1037",2018,"2002",0,"Kansas","02"
"1038",2018,"2003",0,"Kansas","03"
"1039",2018,"2004",0,"Kansas","04"
"1040",2018,"2101",0,"Kentucky","01"
"1041",2018,"2102",0,"Kentucky","02"
"1042",2018,"2103",1,"Kentucky","03"
"1043",2018,"2104",0,"Kentucky","04"
"1044",2018,"2105",0,"Kentucky","05"
"1045",2018,"2106",0,"Kentucky","06"
"1046",2018,"2201",0,"Louisiana","01"
"1047",2018,"2202",1,"Louisiana","02"
"1048",2018,"2203",0,"Louisiana","03"
"1049",2018,"2203",0,"Louisiana","03"
"1050",2018,"2204",0,"Louisiana","04"
"1051",2018,"2204",1,"Louisiana","04"
"1052",2018,"2205",0,"Louisiana","05"
"1053",2018,"2206",0,"Louisiana","06"
"1054",2018,"2301",1,"Maine","01"
"1055",2018,"2302",0,"Maine","02"
"1056",2018,"2401",0,"Maryland","01"
"1057",2018,"2402",1,"Maryland","02"
"1058",2018,"2403",1,"Maryland","03"
"1059",2018,"2405",1,"Maryland","05"
"1060",2018,"2502",1,"Massachusetts","02"
"1061",2018,"2503",1,"Massachusetts","03"
"1062",2018,"2404",1,"Maryland","04"
"1063",2018,"2406",1,"Maryland","06"
"1064",2018,"2407",1,"Maryland","07"
"1065",2018,"2408",1,"Maryland","08"
"1066",2018,"2501",1,"Massachusetts","01"
"1067",2018,"2504",1,"Massachusetts","04"
"1068",2018,"2505",1,"Massachusetts","05"
"1069",2018,"2506",1,"Massachusetts","06"
"1070",2018,"2507",1,"Massachusetts","07"
"1071",2018,"2508",1,"Massachusetts","08"
"1072",2018,"2509",1,"Massachusetts","09"
"1073",2018,"2601",0,"Michigan","01"
"1074",2018,"2602",0,"Michigan","02"
"1075",2018,"2603",0,"Michigan","03"
"1076",2018,"2604",0,"Michigan","04"
"1077",2018,"2605",1,"Michigan","05"
"1078",2018,"2606",0,"Michigan","06"
"1079",2018,"2607",0,"Michigan","07"
"1080",2018,"2905",1,"Missouri","05"
"1081",2018,"2906",0,"Missouri","06"
"1082",2018,"2608",0,"Michigan","08"
"1083",2018,"2609",1,"Michigan","09"
"1084",2018,"2610",0,"Michigan","10"
"1085",2018,"2611",0,"Michigan","11"
"1086",2018,"2612",1,"Michigan","12"
"1087",2018,"2613",1,"Michigan","13"
"1088",2018,"2614",1,"Michigan","14"
"1089",2018,"2701",1,"Minnesota","01"
"1090",2018,"2702",0,"Minnesota","02"
"1091",2018,"2703",0,"Minnesota","03"
"1092",2018,"2704",1,"Minnesota","04"
"1093",2018,"2705",1,"Minnesota","05"
"1094",2018,"2706",0,"Minnesota","06"
"1095",2018,"2707",1,"Minnesota","07"
"1096",2018,"2708",1,"Minnesota","08"
"1097",2018,"2801",0,"Mississippi","01"
"1098",2018,"2802",1,"Mississippi","02"
"1099",2018,"2803",0,"Mississippi","03"
"1100",2018,"2804",0,"Mississippi","04"
"1101",2018,"2901",1,"Missouri","01"
"1102",2018,"2902",0,"Missouri","02"
"1103",2018,"2904",0,"Missouri","04"
"1104",2018,"2903",0,"Missouri","03"
"1105",2018,"2907",0,"Missouri","07"
"1106",2018,"2908",0,"Missouri","08"
"1107",2018,"3000",0,"Montana","00"
"1108",2018,"3101",0,"Nebraska","01"
"1109",2018,"3102",0,"Nebraska","02"
"1110",2018,"3103",0,"Nebraska","03"
"1111",2018,"3201",1,"Nevada","01"
"1112",2018,"3202",0,"Nevada","02"
"1113",2018,"3203",1,"Nevada","03"
"1114",2018,"3204",1,"Nevada","04"
"1115",2018,"3301",1,"New Hampshire","01"
"1116",2018,"3302",1,"New Hampshire","02"
"1117",2018,"3401",1,"New Jersey","01"
"1118",2018,"3402",0,"New Jersey","02"
"1119",2018,"3403",0,"New Jersey","03"
"1120",2018,"3404",0,"New Jersey","04"
"1121",2018,"3405",1,"New Jersey","05"
"1122",2018,"3406",1,"New Jersey","06"
"1123",2018,"3407",0,"New Jersey","07"
"1124",2018,"3408",1,"New Jersey","08"
"1125",2018,"3409",1,"New Jersey","09"
"1126",2018,"3410",1,"New Jersey","10"
"1127",2018,"3411",0,"New Jersey","11"
"1128",2018,"3412",1,"New Jersey","12"
"1129",2018,"3501",1,"New Mexico","01"
"1130",2018,"3502",0,"New Mexico","02"
"1131",2018,"3503",1,"New Mexico","03"
"1132",2018,"3601",0,"New York","01"
"1133",2018,"3602",0,"New York","02"
"1134",2018,"3603",1,"New York","03"
"1135",2018,"3604",1,"New York","04"
"1136",2018,"3605",1,"New York","05"
"1137",2018,"3606",1,"New York","06"
"1138",2018,"3607",1,"New York","07"
"1139",2018,"3608",1,"New York","08"
"1140",2018,"3609",1,"New York","09"
"1141",2018,"3610",1,"New York","10"
"1142",2018,"3611",0,"New York","11"
"1143",2018,"3612",1,"New York","12"
"1144",2018,"3613",1,"New York","13"
"1145",2018,"3614",1,"New York","14"
"1146",2018,"3615",1,"New York","15"
"1147",2018,"3616",1,"New York","16"
"1148",2018,"3617",1,"New York","17"
"1149",2018,"3618",1,"New York","18"
"1150",2018,"3619",0,"New York","19"
"1151",2018,"3620",1,"New York","20"
"1152",2018,"3621",0,"New York","21"
"1153",2018,"3622",0,"New York","22"
"1154",2018,"3623",0,"New York","23"
"1155",2018,"3624",0,"New York","24"
"1156",2018,"3625",1,"New York","25"
"1157",2018,"3626",1,"New York","26"
"1158",2018,"3627",0,"New York","27"
"1159",2018,"3701",1,"North Carolina","01"
"1160",2018,"3702",0,"North Carolina","02"
"1161",2018,"3703",0,"North Carolina","03"
"1162",2018,"3704",1,"North Carolina","04"
"1163",2018,"3705",0,"North Carolina","05"
"1164",2018,"3706",0,"North Carolina","06"
"1165",2018,"3707",0,"North Carolina","07"
"1166",2018,"3708",0,"North Carolina","08"
"1167",2018,"3709",0,"North Carolina","09"
"1168",2018,"3710",0,"North Carolina","10"
"1169",2018,"3711",0,"North Carolina","11"
"1170",2018,"3712",1,"North Carolina","12"
"1171",2018,"3713",0,"North Carolina","13"
"1172",2018,"3800",0,"North Dakota","00"
"1173",2018,"3901",0,"Ohio","01"
"1174",2018,"3902",0,"Ohio","02"
"1175",2018,"3903",1,"Ohio","03"
"1176",2018,"3904",0,"Ohio","04"
"1177",2018,"3905",0,"Ohio","05"
"1178",2018,"3906",0,"Ohio","06"
"1179",2018,"3907",0,"Ohio","07"
"1180",2018,"3908",0,"Ohio","08"
"1181",2018,"3909",1,"Ohio","09"
"1182",2018,"3910",0,"Ohio","10"
"1183",2018,"3911",1,"Ohio","11"
"1184",2018,"3912",0,"Ohio","12"
"1185",2018,"3913",1,"Ohio","13"
"1186",2018,"3914",0,"Ohio","14"
"1187",2018,"3915",0,"Ohio","15"
"1188",2018,"3916",0,"Ohio","16"
"1189",2018,"4001",0,"Oklahoma","01"
"1190",2018,"4002",0,"Oklahoma","02"
"1191",2018,"4003",0,"Oklahoma","03"
"1192",2018,"4004",0,"Oklahoma","04"
"1193",2018,"4005",0,"Oklahoma","05"
"1194",2018,"4101",1,"Oregon","01"
"1195",2018,"4102",0,"Oregon","02"
"1196",2018,"4103",1,"Oregon","03"
"1197",2018,"4104",1,"Oregon","04"
"1198",2018,"4105",1,"Oregon","05"
"1199",2018,"4201",1,"Pennsylvania","01"
"1200",2018,"4202",1,"Pennsylvania","02"
"1201",2018,"4203",0,"Pennsylvania","03"
"1202",2018,"4204",0,"Pennsylvania","04"
"1203",2018,"4205",0,"Pennsylvania","05"
"1204",2018,"4206",0,"Pennsylvania","06"
"1205",2018,"4207",0,"Pennsylvania","07"
"1206",2018,"4208",0,"Pennsylvania","08"
"1207",2018,"4209",0,"Pennsylvania","09"
"1208",2018,"4210",0,"Pennsylvania","10"
"1209",2018,"4211",0,"Pennsylvania","11"
"1210",2018,"4212",0,"Pennsylvania","12"
"1211",2018,"4213",1,"Pennsylvania","13"
"1212",2018,"4214",1,"Pennsylvania","14"
"1213",2018,"4215",0,"Pennsylvania","15"
"1214",2018,"4216",0,"Pennsylvania","16"
"1215",2018,"4217",1,"Pennsylvania","17"
"1216",2018,"4218",0,"Pennsylvania","18"
"1217",2018,"4401",1,"Rhode Island","01"
"1218",2018,"4402",1,"Rhode Island","02"
"1219",2018,"4501",0,"South Carolina","01"
"1220",2018,"4502",0,"South Carolina","02"
"1221",2018,"4503",0,"South Carolina","03"
"1222",2018,"4504",0,"South Carolina","04"
"1223",2018,"4505",0,"South Carolina","05"
"1224",2018,"4506",1,"South Carolina","06"
"1225",2018,"4507",0,"South Carolina","07"
"1226",2018,"4600",0,"South Dakota","00"
"1227",2018,"4701",0,"Tennessee","01"
"1228",2018,"4702",0,"Tennessee","02"
"1229",2018,"4703",0,"Tennessee","03"
"1230",2018,"4704",0,"Tennessee","04"
"1231",2018,"4705",1,"Tennessee","05"
"1232",2018,"4706",0,"Tennessee","06"
"1233",2018,"4707",0,"Tennessee","07"
"1234",2018,"4708",0,"Tennessee","08"
"1235",2018,"4709",1,"Tennessee","09"
"1236",2018,"4801",0,"Texas","01"
"1237",2018,"4802",0,"Texas","02"
"1238",2018,"4803",0,"Texas","03"
"1239",2018,"4804",0,"Texas","04"
"1240",2018,"4805",0,"Texas","05"
"1241",2018,"4806",0,"Texas","06"
"1242",2018,"4807",0,"Texas","07"
"1243",2018,"4808",0,"Texas","08"
"1244",2018,"4809",1,"Texas","09"
"1245",2018,"4810",0,"Texas","10"
"1246",2018,"4811",0,"Texas","11"
"1247",2018,"4812",0,"Texas","12"
"1248",2018,"4813",0,"Texas","13"
"1249",2018,"4814",0,"Texas","14"
"1250",2018,"4815",1,"Texas","15"
"1251",2018,"4816",1,"Texas","16"
"1252",2018,"4817",0,"Texas","17"
"1253",2018,"4818",1,"Texas","18"
"1254",2018,"4819",0,"Texas","19"
"1255",2018,"4820",1,"Texas","20"
"1256",2018,"4821",0,"Texas","21"
"1257",2018,"4822",0,"Texas","22"
"1258",2018,"4823",0,"Texas","23"
"1259",2018,"4824",0,"Texas","24"
"1260",2018,"4825",0,"Texas","25"
"1261",2018,"4826",0,"Texas","26"
"1262",2018,"4827",0,"Texas","27"
"1263",2018,"4828",1,"Texas","28"
"1264",2018,"4829",1,"Texas","29"
"1265",2018,"4830",1,"Texas","30"
"1266",2018,"4831",0,"Texas","31"
"1267",2018,"4832",0,"Texas","32"
"1268",2018,"4833",1,"Texas","33"
"1269",2018,"4834",1,"Texas","34"
"1270",2018,"4835",1,"Texas","35"
"1271",2018,"4836",0,"Texas","36"
"1272",2018,"4901",0,"Utah","01"
"1273",2018,"4902",0,"Utah","02"
"1274",2018,"4903",0,"Utah","03"
"1275",2018,"4904",0,"Utah","04"
"1276",2018,"5000",1,"Vermont","00"
"1277",2018,"5101",0,"Virginia","01"
"1278",2018,"5102",0,"Virginia","02"
"1279",2018,"5103",1,"Virginia","03"
"1280",2018,"5104",1,"Virginia","04"
"1281",2018,"5105",0,"Virginia","05"
"1282",2018,"5106",0,"Virginia","06"
"1283",2018,"5107",0,"Virginia","07"
"1284",2018,"5108",1,"Virginia","08"
"1285",2018,"5109",0,"Virginia","09"
"1286",2018,"5110",0,"Virginia","10"
"1287",2018,"5111",1,"Virginia","11"
"1288",2018,"5301",1,"Washington","01"
"1289",2018,"5302",1,"Washington","02"
"1290",2018,"5303",0,"Washington","03"
"1291",2018,"5304",0,"Washington","04"
"1292",2018,"5305",0,"Washington","05"
"1293",2018,"5306",1,"Washington","06"
"1294",2018,"5307",1,"Washington","07"
"1295",2018,"5308",0,"Washington","08"
"1296",2018,"5309",1,"Washington","09"
"1297",2018,"5310",1,"Washington","10"
"1298",2018,"5401",0,"West Virginia","01"
"1299",2018,"5402",0,"West Virginia","02"
"1300",2018,"5403",0,"West Virginia","03"
"1301",2018,"5501",0,"Wisconsin","01"
"1302",2018,"5502",1,"Wisconsin","02"
"1303",2018,"5503",1,"Wisconsin","03"
"1304",2018,"5505",0,"Wisconsin","05"
"1305",2018,"5506",0,"Wisconsin","06"
"1306",2018,"5507",0,"Wisconsin","07"
"1307",2018,"5504",1,"Wisconsin","04"
"1308",2018,"5508",0,"Wisconsin","08"
"1309",2018,"5600",0,"Wyoming","00"
"1310",2016,"0101",0,"Alabama","01"
"1311",2016,"0102",0,"Alabama","02"
"1312",2016,"0103",0,"Alabama","03"
"1313",2016,"0104",0,"Alabama","04"
"1314",2016,"0105",0,"Alabama","05"
"1315",2016,"0106",0,"Alabama","06"
"1316",2016,"0107",1,"Alabama","07"
"1317",2016,"0200",0,"Alaska","00"
"1318",2016,"0401",1,"Arizona","01"
"1319",2016,"0402",0,"Arizona","02"
"1320",2016,"0403",1,"Arizona","03"
"1321",2016,"0404",0,"Arizona","04"
"1322",2016,"0405",0,"Arizona","05"
"1323",2016,"0406",0,"Arizona","06"
"1324",2016,"0407",1,"Arizona","07"
"1325",2016,"0408",0,"Arizona","08"
"1326",2016,"0409",1,"Arizona","09"
"1327",2016,"0501",0,"Arkansas","01"
"1328",2016,"0502",0,"Arkansas","02"
"1329",2016,"0503",0,"Arkansas","03"
"1330",2016,"0504",0,"Arkansas","04"
"1331",2016,"0601",0,"California","01"
"1332",2016,"0602",1,"California","02"
"1333",2016,"0603",1,"California","03"
"1334",2016,"0604",0,"California","04"
"1335",2016,"0605",1,"California","05"
"1336",2016,"0606",1,"California","06"
"1337",2016,"0607",1,"California","07"
"1338",2016,"0608",0,"California","08"
"1339",2016,"0609",1,"California","09"
"1340",2016,"0610",0,"California","10"
"1341",2016,"0611",1,"California","11"
"1342",2016,"0612",1,"California","12"
"1343",2016,"0613",1,"California","13"
"1344",2016,"0614",1,"California","14"
"1345",2016,"0615",1,"California","15"
"1346",2016,"0616",1,"California","16"
"1347",2016,"0617",1,"California","17"
"1348",2016,"0618",1,"California","18"
"1349",2016,"0619",1,"California","19"
"1350",2016,"0620",1,"California","20"
"1351",2016,"0621",0,"California","21"
"1352",2016,"0622",0,"California","22"
"1353",2016,"0623",0,"California","23"
"1354",2016,"0624",1,"California","24"
"1355",2016,"0625",0,"California","25"
"1356",2016,"0626",1,"California","26"
"1357",2016,"0627",1,"California","27"
"1358",2016,"0628",1,"California","28"
"1359",2016,"0629",1,"California","29"
"1360",2016,"0630",1,"California","30"
"1361",2016,"0631",1,"California","31"
"1362",2016,"0632",1,"California","32"
"1363",2016,"0633",1,"California","33"
"1364",2016,"0634",1,"California","34"
"1365",2016,"0635",1,"California","35"
"1366",2016,"0636",1,"California","36"
"1367",2016,"0637",1,"California","37"
"1368",2016,"0638",1,"California","38"
"1369",2016,"0639",0,"California","39"
"1370",2016,"0640",1,"California","40"
"1371",2016,"0641",1,"California","41"
"1372",2016,"0642",0,"California","42"
"1373",2016,"0643",1,"California","43"
"1374",2016,"0644",1,"California","44"
"1375",2016,"0645",0,"California","45"
"1376",2016,"0646",1,"California","46"
"1377",2016,"0647",1,"California","47"
"1378",2016,"0648",0,"California","48"
"1379",2016,"0649",0,"California","49"
"1380",2016,"0650",0,"California","50"
"1381",2016,"0651",1,"California","51"
"1382",2016,"0652",1,"California","52"
"1383",2016,"0653",1,"California","53"
"1384",2016,"0801",1,"Colorado","01"
"1385",2016,"0802",1,"Colorado","02"
"1386",2016,"0803",0,"Colorado","03"
"1387",2016,"0804",0,"Colorado","04"
"1388",2016,"0805",0,"Colorado","05"
"1389",2016,"0806",0,"Colorado","06"
"1390",2016,"0807",1,"Colorado","07"
"1391",2016,"0901",1,"Connecticut","01"
"1392",2016,"0902",1,"Connecticut","02"
"1393",2016,"0903",1,"Connecticut","03"
"1394",2016,"0904",1,"Connecticut","04"
"1395",2016,"0905",1,"Connecticut","05"
"1396",2016,"1000",1,"Delaware","00"
"1397",2016,"1201",0,"Florida","01"
"1398",2016,"1202",1,"Florida","02"
"1399",2016,"1203",0,"Florida","03"
"1400",2016,"1204",0,"Florida","04"
"1401",2016,"1205",1,"Florida","05"
"1402",2016,"1206",0,"Florida","06"
"1403",2016,"1207",0,"Florida","07"
"1404",2016,"1208",0,"Florida","08"
"1405",2016,"1209",1,"Florida","09"
"1406",2016,"1210",0,"Florida","10"
"1407",2016,"1211",0,"Florida","11"
"1408",2016,"1212",0,"Florida","12"
"1409",2016,"1213",0,"Florida","13"
"1410",2016,"1214",1,"Florida","14"
"1411",2016,"1215",0,"Florida","15"
"1412",2016,"1216",0,"Florida","16"
"1413",2016,"1217",0,"Florida","17"
"1414",2016,"1218",1,"Florida","18"
"1415",2016,"1219",0,"Florida","19"
"1416",2016,"1220",1,"Florida","20"
"1417",2016,"1221",1,"Florida","21"
"1418",2016,"1222",1,"Florida","22"
"1419",2016,"1223",1,"Florida","23"
"1420",2016,"1224",1,"Florida","24"
"1421",2016,"1225",0,"Florida","25"
"1422",2016,"1226",0,"Florida","26"
"1423",2016,"1227",0,"Florida","27"
"1424",2016,"1301",0,"Georgia","01"
"1425",2016,"1302",1,"Georgia","02"
"1426",2016,"1303",0,"Georgia","03"
"1427",2016,"1304",1,"Georgia","04"
"1428",2016,"1305",1,"Georgia","05"
"1429",2016,"1306",0,"Georgia","06"
"1430",2016,"1307",0,"Georgia","07"
"1431",2016,"1308",0,"Georgia","08"
"1432",2016,"1309",0,"Georgia","09"
"1433",2016,"1310",0,"Georgia","10"
"1434",2016,"1311",0,"Georgia","11"
"1435",2016,"1312",0,"Georgia","12"
"1436",2016,"1313",1,"Georgia","13"
"1437",2016,"1314",0,"Georgia","14"
"1438",2016,"1501",1,"Hawaii","01"
"1439",2016,"1502",1,"Hawaii","02"
"1440",2016,"1601",0,"Idaho","01"
"1441",2016,"1602",0,"Idaho","02"
"1442",2016,"1701",1,"Illinois","01"
"1443",2016,"1702",1,"Illinois","02"
"1444",2016,"1703",1,"Illinois","03"
"1445",2016,"1704",1,"Illinois","04"
"1446",2016,"1705",1,"Illinois","05"
"1447",2016,"1706",0,"Illinois","06"
"1448",2016,"1707",1,"Illinois","07"
"1449",2016,"1708",1,"Illinois","08"
"1450",2016,"1709",1,"Illinois","09"
"1451",2016,"1710",0,"Illinois","10"
"1452",2016,"1711",1,"Illinois","11"
"1453",2016,"1712",0,"Illinois","12"
"1454",2016,"1713",0,"Illinois","13"
"1455",2016,"1714",0,"Illinois","14"
"1456",2016,"1715",0,"Illinois","15"
"1457",2016,"1716",0,"Illinois","16"
"1458",2016,"1717",1,"Illinois","17"
"1459",2016,"1718",0,"Illinois","18"
"1460",2016,"1801",1,"Indiana","01"
"1461",2016,"1802",0,"Indiana","02"
"1462",2016,"1803",0,"Indiana","03"
"1463",2016,"1804",0,"Indiana","04"
"1464",2016,"1805",0,"Indiana","05"
"1465",2016,"1806",0,"Indiana","06"
"1466",2016,"1807",1,"Indiana","07"
"1467",2016,"1808",0,"Indiana","08"
"1468",2016,"1809",0,"Indiana","09"
"1469",2016,"1901",0,"Iowa","01"
"1470",2016,"1902",1,"Iowa","02"
"1471",2016,"1903",0,"Iowa","03"
"1472",2016,"1904",0,"Iowa","04"
"1473",2016,"2001",0,"Kansas","01"
"1474",2016,"2002",0,"Kansas","02"
"1475",2016,"2003",0,"Kansas","03"
"1476",2016,"2004",0,"Kansas","04"
"1477",2016,"2101",0,"Kentucky","01"
"1478",2016,"2102",0,"Kentucky","02"
"1479",2016,"2103",1,"Kentucky","03"
"1480",2016,"2104",0,"Kentucky","04"
"1481",2016,"2105",0,"Kentucky","05"
"1482",2016,"2106",0,"Kentucky","06"
"1483",2016,"2201",0,"Louisiana","01"
"1484",2016,"2202",1,"Louisiana","02"
"1485",2016,"2203",0,"Louisiana","03"
"1486",2016,"2204",0,"Louisiana","04"
"1487",2016,"2205",1,"Louisiana","05"
"1488",2016,"2205",0,"Louisiana","05"
"1489",2016,"2206",0,"Louisiana","06"
"1490",2016,"2301",1,"Maine","01"
"1491",2016,"2302",0,"Maine","02"
"1492",2016,"2401",0,"Maryland","01"
"1493",2016,"2402",1,"Maryland","02"
"1494",2016,"2403",1,"Maryland","03"
"1495",2016,"2404",1,"Maryland","04"
"1496",2016,"2405",1,"Maryland","05"
"1497",2016,"2406",1,"Maryland","06"
"1498",2016,"2407",1,"Maryland","07"
"1499",2016,"2501",1,"Massachusetts","01"
"1500",2016,"2502",1,"Massachusetts","02"
"1501",2016,"2408",1,"Maryland","08"
"1502",2016,"2503",1,"Massachusetts","03"
"1503",2016,"2504",1,"Massachusetts","04"
"1504",2016,"2505",1,"Massachusetts","05"
"1505",2016,"2506",1,"Massachusetts","06"
"1506",2016,"2507",1,"Massachusetts","07"
"1507",2016,"2508",1,"Massachusetts","08"
"1508",2016,"2509",1,"Massachusetts","09"
"1509",2016,"2601",0,"Michigan","01"
"1510",2016,"2602",0,"Michigan","02"
"1511",2016,"2603",0,"Michigan","03"
"1512",2016,"2604",0,"Michigan","04"
"1513",2016,"2605",1,"Michigan","05"
"1514",2016,"2606",0,"Michigan","06"
"1515",2016,"2607",0,"Michigan","07"
"1516",2016,"2608",0,"Michigan","08"
"1517",2016,"2609",1,"Michigan","09"
"1518",2016,"2610",0,"Michigan","10"
"1519",2016,"2611",0,"Michigan","11"
"1520",2016,"2612",1,"Michigan","12"
"1521",2016,"2613",1,"Michigan","13"
"1522",2016,"3202",0,"Nevada","02"
"1523",2016,"3301",0,"New Hampshire","01"
"1524",2016,"2614",1,"Michigan","14"
"1525",2016,"2701",1,"Minnesota","01"
"1526",2016,"2702",0,"Minnesota","02"
"1527",2016,"2703",0,"Minnesota","03"
"1528",2016,"2704",1,"Minnesota","04"
"1529",2016,"2705",1,"Minnesota","05"
"1530",2016,"2706",0,"Minnesota","06"
"1531",2016,"2707",1,"Minnesota","07"
"1532",2016,"2708",1,"Minnesota","08"
"1533",2016,"2801",0,"Mississippi","01"
"1534",2016,"2802",1,"Mississippi","02"
"1535",2016,"2803",0,"Mississippi","03"
"1536",2016,"2804",0,"Mississippi","04"
"1537",2016,"2901",1,"Missouri","01"
"1538",2016,"2902",0,"Missouri","02"
"1539",2016,"2903",0,"Missouri","03"
"1540",2016,"2904",0,"Missouri","04"
"1541",2016,"2905",1,"Missouri","05"
"1542",2016,"2906",0,"Missouri","06"
"1543",2016,"3000",0,"Montana","00"
"1544",2016,"3101",0,"Nebraska","01"
"1545",2016,"3102",1,"Nebraska","02"
"1546",2016,"3103",0,"Nebraska","03"
"1547",2016,"3201",1,"Nevada","01"
"1548",2016,"2907",0,"Missouri","07"
"1549",2016,"2908",0,"Missouri","08"
"1550",2016,"3203",0,"Nevada","03"
"1551",2016,"3204",0,"Nevada","04"
"1552",2016,"3302",1,"New Hampshire","02"
"1553",2016,"3401",1,"New Jersey","01"
"1554",2016,"3402",0,"New Jersey","02"
"1555",2016,"3403",0,"New Jersey","03"
"1556",2016,"3404",0,"New Jersey","04"
"1557",2016,"3405",0,"New Jersey","05"
"1558",2016,"3406",1,"New Jersey","06"
"1559",2016,"3407",0,"New Jersey","07"
"1560",2016,"3408",1,"New Jersey","08"
"1561",2016,"3409",1,"New Jersey","09"
"1562",2016,"3410",1,"New Jersey","10"
"1563",2016,"3411",0,"New Jersey","11"
"1564",2016,"3412",1,"New Jersey","12"
"1565",2016,"3501",1,"New Mexico","01"
"1566",2016,"3502",0,"New Mexico","02"
"1567",2016,"3503",1,"New Mexico","03"
"1568",2016,"3601",0,"New York","01"
"1569",2016,"3602",0,"New York","02"
"1570",2016,"3603",1,"New York","03"
"1571",2016,"3604",1,"New York","04"
"1572",2016,"3605",1,"New York","05"
"1573",2016,"3606",1,"New York","06"
"1574",2016,"3607",1,"New York","07"
"1575",2016,"3608",1,"New York","08"
"1576",2016,"3609",1,"New York","09"
"1577",2016,"3610",1,"New York","10"
"1578",2016,"3611",0,"New York","11"
"1579",2016,"3612",1,"New York","12"
"1580",2016,"3613",1,"New York","13"
"1581",2016,"3614",1,"New York","14"
"1582",2016,"3615",1,"New York","15"
"1583",2016,"3616",1,"New York","16"
"1584",2016,"3617",1,"New York","17"
"1585",2016,"3618",1,"New York","18"
"1586",2016,"3619",0,"New York","19"
"1587",2016,"3620",1,"New York","20"
"1588",2016,"3621",0,"New York","21"
"1589",2016,"3622",0,"New York","22"
"1590",2016,"3623",0,"New York","23"
"1591",2016,"3624",0,"New York","24"
"1592",2016,"3625",1,"New York","25"
"1593",2016,"3626",1,"New York","26"
"1594",2016,"3627",0,"New York","27"
"1595",2016,"3701",1,"North Carolina","01"
"1596",2016,"3702",0,"North Carolina","02"
"1597",2016,"3703",0,"North Carolina","03"
"1598",2016,"3704",1,"North Carolina","04"
"1599",2016,"3705",0,"North Carolina","05"
"1600",2016,"3706",0,"North Carolina","06"
"1601",2016,"3707",0,"North Carolina","07"
"1602",2016,"3708",0,"North Carolina","08"
"1603",2016,"3709",0,"North Carolina","09"
"1604",2016,"3710",0,"North Carolina","10"
"1605",2016,"3711",0,"North Carolina","11"
"1606",2016,"3712",1,"North Carolina","12"
"1607",2016,"3713",0,"North Carolina","13"
"1608",2016,"3800",0,"North Dakota","00"
"1609",2016,"3901",0,"Ohio","01"
"1610",2016,"3902",0,"Ohio","02"
"1611",2016,"3903",1,"Ohio","03"
"1612",2016,"3904",0,"Ohio","04"
"1613",2016,"3905",0,"Ohio","05"
"1614",2016,"3906",0,"Ohio","06"
"1615",2016,"3907",0,"Ohio","07"
"1616",2016,"3908",0,"Ohio","08"
"1617",2016,"3909",1,"Ohio","09"
"1618",2016,"3910",0,"Ohio","10"
"1619",2016,"3911",1,"Ohio","11"
"1620",2016,"3912",0,"Ohio","12"
"1621",2016,"3913",1,"Ohio","13"
"1622",2016,"3914",0,"Ohio","14"
"1623",2016,"3915",0,"Ohio","15"
"1624",2016,"3916",0,"Ohio","16"
"1625",2016,"4001",0,"Oklahoma","01"
"1626",2016,"4002",0,"Oklahoma","02"
"1627",2016,"4003",0,"Oklahoma","03"
"1628",2016,"4004",0,"Oklahoma","04"
"1629",2016,"4005",0,"Oklahoma","05"
"1630",2016,"4101",1,"Oregon","01"
"1631",2016,"4102",0,"Oregon","02"
"1632",2016,"4103",1,"Oregon","03"
"1633",2016,"4104",1,"Oregon","04"
"1634",2016,"4105",1,"Oregon","05"
"1635",2016,"4201",1,"Pennsylvania","01"
"1636",2016,"4202",1,"Pennsylvania","02"
"1637",2016,"4203",0,"Pennsylvania","03"
"1638",2016,"4204",0,"Pennsylvania","04"
"1639",2016,"4205",0,"Pennsylvania","05"
"1640",2016,"4206",0,"Pennsylvania","06"
"1641",2016,"4207",0,"Pennsylvania","07"
"1642",2016,"4208",0,"Pennsylvania","08"
"1643",2016,"4209",0,"Pennsylvania","09"
"1644",2016,"4210",0,"Pennsylvania","10"
"1645",2016,"4211",0,"Pennsylvania","11"
"1646",2016,"4212",0,"Pennsylvania","12"
"1647",2016,"4213",1,"Pennsylvania","13"
"1648",2016,"4214",1,"Pennsylvania","14"
"1649",2016,"4215",0,"Pennsylvania","15"
"1650",2016,"4216",0,"Pennsylvania","16"
"1651",2016,"4217",1,"Pennsylvania","17"
"1652",2016,"4218",0,"Pennsylvania","18"
"1653",2016,"4401",1,"Rhode Island","01"
"1654",2016,"4402",1,"Rhode Island","02"
"1655",2016,"4501",0,"South Carolina","01"
"1656",2016,"4502",0,"South Carolina","02"
"1657",2016,"4503",0,"South Carolina","03"
"1658",2016,"4504",0,"South Carolina","04"
"1659",2016,"4505",0,"South Carolina","05"
"1660",2016,"4506",1,"South Carolina","06"
"1661",2016,"4507",0,"South Carolina","07"
"1662",2016,"4600",0,"South Dakota","00"
"1663",2016,"4701",0,"Tennessee","01"
"1664",2016,"4702",0,"Tennessee","02"
"1665",2016,"4703",0,"Tennessee","03"
"1666",2016,"4704",0,"Tennessee","04"
"1667",2016,"4705",1,"Tennessee","05"
"1668",2016,"4706",0,"Tennessee","06"
"1669",2016,"4707",0,"Tennessee","07"
"1670",2016,"4801",0,"Texas","01"
"1671",2016,"4802",0,"Texas","02"
"1672",2016,"4803",0,"Texas","03"
"1673",2016,"4804",0,"Texas","04"
"1674",2016,"4708",0,"Tennessee","08"
"1675",2016,"4709",1,"Tennessee","09"
"1676",2016,"4805",0,"Texas","05"
"1677",2016,"4806",0,"Texas","06"
"1678",2016,"4807",0,"Texas","07"
"1679",2016,"4808",0,"Texas","08"
"1680",2016,"4809",1,"Texas","09"
"1681",2016,"4810",0,"Texas","10"
"1682",2016,"4811",0,"Texas","11"
"1683",2016,"4812",0,"Texas","12"
"1684",2016,"4813",0,"Texas","13"
"1685",2016,"4814",0,"Texas","14"
"1686",2016,"4815",1,"Texas","15"
"1687",2016,"4816",1,"Texas","16"
"1688",2016,"4817",0,"Texas","17"
"1689",2016,"4818",1,"Texas","18"
"1690",2016,"4819",0,"Texas","19"
"1691",2016,"4820",1,"Texas","20"
"1692",2016,"4821",0,"Texas","21"
"1693",2016,"4822",0,"Texas","22"
"1694",2016,"4823",0,"Texas","23"
"1695",2016,"4824",0,"Texas","24"
"1696",2016,"4825",0,"Texas","25"
"1697",2016,"4826",0,"Texas","26"
"1698",2016,"4827",0,"Texas","27"
"1699",2016,"4828",1,"Texas","28"
"1700",2016,"4829",1,"Texas","29"
"1701",2016,"4830",1,"Texas","30"
"1702",2016,"4831",0,"Texas","31"
"1703",2016,"4832",0,"Texas","32"
"1704",2016,"4833",1,"Texas","33"
"1705",2016,"4834",1,"Texas","34"
"1706",2016,"4835",1,"Texas","35"
"1707",2016,"4836",0,"Texas","36"
"1708",2016,"4901",0,"Utah","01"
"1709",2016,"4902",0,"Utah","02"
"1710",2016,"4903",0,"Utah","03"
"1711",2016,"4904",0,"Utah","04"
"1712",2016,"5000",1,"Vermont","00"
"1713",2016,"5101",0,"Virginia","01"
"1714",2016,"5102",0,"Virginia","02"
"1715",2016,"5103",1,"Virginia","03"
"1716",2016,"5104",0,"Virginia","04"
"1717",2016,"5105",0,"Virginia","05"
"1718",2016,"5107",0,"Virginia","07"
"1719",2016,"5109",0,"Virginia","09"
"1720",2016,"5301",1,"Washington","01"
"1721",2016,"5302",1,"Washington","02"
"1722",2016,"5106",0,"Virginia","06"
"1723",2016,"5108",1,"Virginia","08"
"1724",2016,"5110",0,"Virginia","10"
"1725",2016,"5111",1,"Virginia","11"
"1726",2016,"5303",0,"Washington","03"
"1727",2016,"5304",0,"Washington","04"
"1728",2016,"5305",0,"Washington","05"
"1729",2016,"5306",1,"Washington","06"
"1730",2016,"5307",1,"Washington","07"
"1731",2016,"5308",0,"Washington","08"
"1732",2016,"5309",1,"Washington","09"
"1733",2016,"5310",1,"Washington","10"
"1734",2016,"5401",0,"West Virginia","01"
"1735",2016,"5402",0,"West Virginia","02"
"1736",2016,"5403",0,"West Virginia","03"
"1737",2016,"5501",0,"Wisconsin","01"
"1738",2016,"5502",1,"Wisconsin","02"
"1739",2016,"5503",1,"Wisconsin","03"
"1740",2016,"5504",1,"Wisconsin","04"
"1741",2016,"5505",0,"Wisconsin","05"
"1742",2016,"5506",0,"Wisconsin","06"
"1743",2016,"5507",0,"Wisconsin","07"
"1744",2016,"5508",0,"Wisconsin","08"
"1745",2016,"5600",0,"Wyoming","00"
"1746",2014,"0101",0,"Alabama","01"
"1747",2014,"0102",0,"Alabama","02"
"1748",2014,"0103",0,"Alabama","03"
"1749",2014,"0104",0,"Alabama","04"
"1750",2014,"0105",0,"Alabama","05"
"1751",2014,"0106",0,"Alabama","06"
"1752",2014,"0107",1,"Alabama","07"
"1753",2014,"0200",0,"Alaska","00"
"1754",2014,"0401",1,"Arizona","01"
"1755",2014,"0402",1,"Arizona","02"
"1756",2014,"0403",1,"Arizona","03"
"1757",2014,"0404",0,"Arizona","04"
"1758",2014,"0405",0,"Arizona","05"
"1759",2014,"0406",0,"Arizona","06"
"1760",2014,"0407",1,"Arizona","07"
"1761",2014,"0408",0,"Arizona","08"
"1762",2014,"0409",1,"Arizona","09"
"1763",2014,"0501",0,"Arkansas","01"
"1764",2014,"0502",0,"Arkansas","02"
"1765",2014,"0503",0,"Arkansas","03"
"1766",2014,"0504",0,"Arkansas","04"
"1767",2014,"0601",0,"California","01"
"1768",2014,"0602",1,"California","02"
"1769",2014,"0603",1,"California","03"
"1770",2014,"0604",0,"California","04"
"1771",2014,"0605",1,"California","05"
"1772",2014,"0606",1,"California","06"
"1773",2014,"0607",1,"California","07"
"1774",2014,"0608",0,"California","08"
"1775",2014,"0609",1,"California","09"
"1776",2014,"0610",0,"California","10"
"1777",2014,"0611",1,"California","11"
"1778",2014,"0612",1,"California","12"
"1779",2014,"0613",1,"California","13"
"1780",2014,"0614",1,"California","14"
"1781",2014,"0615",1,"California","15"
"1782",2014,"0616",1,"California","16"
"1783",2014,"0617",1,"California","17"
"1784",2014,"0618",1,"California","18"
"1785",2014,"0619",1,"California","19"
"1786",2014,"0620",1,"California","20"
"1787",2014,"0621",0,"California","21"
"1788",2014,"0622",0,"California","22"
"1789",2014,"0623",0,"California","23"
"1790",2014,"0624",1,"California","24"
"1791",2014,"0625",0,"California","25"
"1792",2014,"0626",1,"California","26"
"1793",2014,"0627",1,"California","27"
"1794",2014,"0628",1,"California","28"
"1795",2014,"0629",1,"California","29"
"1796",2014,"0630",1,"California","30"
"1797",2014,"0631",0,"California","31"
"1798",2014,"0632",1,"California","32"
"1799",2014,"0633",1,"California","33"
"1800",2014,"0634",1,"California","34"
"1801",2014,"0635",1,"California","35"
"1802",2014,"0636",1,"California","36"
"1803",2014,"0637",1,"California","37"
"1804",2014,"0638",1,"California","38"
"1805",2014,"0639",0,"California","39"
"1806",2014,"0640",1,"California","40"
"1807",2014,"0641",1,"California","41"
"1808",2014,"0642",0,"California","42"
"1809",2014,"0643",1,"California","43"
"1810",2014,"0644",1,"California","44"
"1811",2014,"0645",0,"California","45"
"1812",2014,"0646",1,"California","46"
"1813",2014,"0647",1,"California","47"
"1814",2014,"0648",0,"California","48"
"1815",2014,"0649",0,"California","49"
"1816",2014,"0650",0,"California","50"
"1817",2014,"0651",1,"California","51"
"1818",2014,"0652",1,"California","52"
"1819",2014,"0653",1,"California","53"
"1820",2014,"0801",1,"Colorado","01"
"1821",2014,"0802",1,"Colorado","02"
"1822",2014,"0803",0,"Colorado","03"
"1823",2014,"0804",0,"Colorado","04"
"1824",2014,"0806",0,"Colorado","06"
"1825",2014,"0807",1,"Colorado","07"
"1826",2014,"0901",1,"Connecticut","01"
"1827",2014,"0902",1,"Connecticut","02"
"1828",2014,"0805",0,"Colorado","05"
"1829",2014,"0903",1,"Connecticut","03"
"1830",2014,"0904",1,"Connecticut","04"
"1831",2014,"0905",1,"Connecticut","05"
"1832",2014,"1000",1,"Delaware","00"
"1833",2014,"1201",0,"Florida","01"
"1834",2014,"1202",0,"Florida","02"
"1835",2014,"1203",0,"Florida","03"
"1836",2014,"1204",0,"Florida","04"
"1837",2014,"1205",1,"Florida","05"
"1838",2014,"1206",0,"Florida","06"
"1839",2014,"1207",0,"Florida","07"
"1840",2014,"1208",0,"Florida","08"
"1841",2014,"1209",1,"Florida","09"
"1842",2014,"1210",0,"Florida","10"
"1843",2014,"1211",0,"Florida","11"
"1844",2014,"1212",0,"Florida","12"
"1845",2014,"1213",0,"Florida","13"
"1846",2014,"1214",1,"Florida","14"
"1847",2014,"1215",0,"Florida","15"
"1848",2014,"1216",0,"Florida","16"
"1849",2014,"1217",0,"Florida","17"
"1850",2014,"1218",1,"Florida","18"
"1851",2014,"1219",0,"Florida","19"
"1852",2014,"1220",1,"Florida","20"
"1853",2014,"1221",1,"Florida","21"
"1854",2014,"1222",1,"Florida","22"
"1855",2014,"1223",1,"Florida","23"
"1856",2014,"1224",1,"Florida","24"
"1857",2014,"1225",0,"Florida","25"
"1858",2014,"1226",1,"Florida","26"
"1859",2014,"1227",0,"Florida","27"
"1860",2014,"1301",0,"Georgia","01"
"1861",2014,"1302",1,"Georgia","02"
"1862",2014,"1303",0,"Georgia","03"
"1863",2014,"1304",1,"Georgia","04"
"1864",2014,"1305",1,"Georgia","05"
"1865",2014,"1306",0,"Georgia","06"
"1866",2014,"1307",0,"Georgia","07"
"1867",2014,"1308",0,"Georgia","08"
"1868",2014,"1309",0,"Georgia","09"
"1869",2014,"1310",0,"Georgia","10"
"1870",2014,"1311",0,"Georgia","11"
"1871",2014,"1312",1,"Georgia","12"
"1872",2014,"1313",1,"Georgia","13"
"1873",2014,"1314",0,"Georgia","14"
"1874",2014,"1501",1,"Hawaii","01"
"1875",2014,"1502",1,"Hawaii","02"
"1876",2014,"1601",0,"Idaho","01"
"1877",2014,"1602",0,"Idaho","02"
"1878",2014,"1701",1,"Illinois","01"
"1879",2014,"1702",1,"Illinois","02"
"1880",2014,"1703",1,"Illinois","03"
"1881",2014,"1704",1,"Illinois","04"
"1882",2014,"1705",1,"Illinois","05"
"1883",2014,"1706",0,"Illinois","06"
"1884",2014,"1707",1,"Illinois","07"
"1885",2014,"1708",1,"Illinois","08"
"1886",2014,"1709",1,"Illinois","09"
"1887",2014,"1710",1,"Illinois","10"
"1888",2014,"1711",1,"Illinois","11"
"1889",2014,"1712",1,"Illinois","12"
"1890",2014,"1713",0,"Illinois","13"
"1891",2014,"1714",0,"Illinois","14"
"1892",2014,"1715",0,"Illinois","15"
"1893",2014,"1716",0,"Illinois","16"
"1894",2014,"1717",1,"Illinois","17"
"1895",2014,"1718",0,"Illinois","18"
"1896",2014,"1801",1,"Indiana","01"
"1897",2014,"1802",0,"Indiana","02"
"1898",2014,"1803",0,"Indiana","03"
"1899",2014,"1804",0,"Indiana","04"
"1900",2014,"1805",0,"Indiana","05"
"1901",2014,"1806",0,"Indiana","06"
"1902",2014,"1807",1,"Indiana","07"
"1903",2014,"1808",0,"Indiana","08"
"1904",2014,"1809",0,"Indiana","09"
"1905",2014,"1902",1,"Iowa","02"
"1906",2014,"1904",0,"Iowa","04"
"1907",2014,"2001",0,"Kansas","01"
"1908",2014,"1901",1,"Iowa","01"
"1909",2014,"1903",0,"Iowa","03"
"1910",2014,"2002",0,"Kansas","02"
"1911",2014,"2003",0,"Kansas","03"
"1912",2014,"2004",0,"Kansas","04"
"1913",2014,"2101",0,"Kentucky","01"
"1914",2014,"2102",0,"Kentucky","02"
"1915",2014,"2103",1,"Kentucky","03"
"1916",2014,"2104",0,"Kentucky","04"
"1917",2014,"2105",0,"Kentucky","05"
"1918",2014,"2106",0,"Kentucky","06"
"1919",2014,"2201",0,"Louisiana","01"
"1920",2014,"2202",1,"Louisiana","02"
"1921",2014,"2203",0,"Louisiana","03"
"1922",2014,"2203",0,"Louisiana","03"
"1923",2014,"2204",0,"Louisiana","04"
"1924",2014,"2205",0,"Louisiana","05"
"1925",2014,"2206",0,"Louisiana","06"
"1926",2014,"2301",1,"Maine","01"
"1927",2014,"2302",1,"Maine","02"
"1928",2014,"2607",0,"Michigan","07"
"1929",2014,"2608",0,"Michigan","08"
"1930",2014,"2610",0,"Michigan","10"
"1931",2014,"2612",1,"Michigan","12"
"1932",2014,"2401",0,"Maryland","01"
"1933",2014,"2402",1,"Maryland","02"
"1934",2014,"2403",1,"Maryland","03"
"1935",2014,"2404",1,"Maryland","04"
"1936",2014,"2405",1,"Maryland","05"
"1937",2014,"2406",1,"Maryland","06"
"1938",2014,"2407",1,"Maryland","07"
"1939",2014,"2408",1,"Maryland","08"
"1940",2014,"2501",1,"Massachusetts","01"
"1941",2014,"2502",1,"Massachusetts","02"
"1942",2014,"2503",1,"Massachusetts","03"
"1943",2014,"2504",1,"Massachusetts","04"
"1944",2014,"2505",1,"Massachusetts","05"
"1945",2014,"2506",1,"Massachusetts","06"
"1946",2014,"2507",1,"Massachusetts","07"
"1947",2014,"2508",1,"Massachusetts","08"
"1948",2014,"2509",1,"Massachusetts","09"
"1949",2014,"2601",0,"Michigan","01"
"1950",2014,"2603",0,"Michigan","03"
"1951",2014,"2605",1,"Michigan","05"
"1952",2014,"2606",0,"Michigan","06"
"1953",2014,"2602",0,"Michigan","02"
"1954",2014,"2604",0,"Michigan","04"
"1955",2014,"2609",1,"Michigan","09"
"1956",2014,"2611",0,"Michigan","11"
"1957",2014,"2613",1,"Michigan","13"
"1958",2014,"2614",1,"Michigan","14"
"1959",2014,"2701",1,"Minnesota","01"
"1960",2014,"2702",0,"Minnesota","02"
"1961",2014,"2703",0,"Minnesota","03"
"1962",2014,"2704",1,"Minnesota","04"
"1963",2014,"2705",1,"Minnesota","05"
"1964",2014,"2706",0,"Minnesota","06"
"1965",2014,"2707",1,"Minnesota","07"
"1966",2014,"2708",1,"Minnesota","08"
"1967",2014,"2801",0,"Mississippi","01"
"1968",2014,"2802",1,"Mississippi","02"
"1969",2014,"2803",0,"Mississippi","03"
"1970",2014,"2804",0,"Mississippi","04"
"1971",2014,"2901",1,"Missouri","01"
"1972",2014,"2902",0,"Missouri","02"
"1973",2014,"2903",0,"Missouri","03"
"1974",2014,"2904",0,"Missouri","04"
"1975",2014,"2905",1,"Missouri","05"
"1976",2014,"2906",0,"Missouri","06"
"1977",2014,"2907",0,"Missouri","07"
"1978",2014,"2908",0,"Missouri","08"
"1979",2014,"3000",0,"Montana","00"
"1980",2014,"3101",0,"Nebraska","01"
"1981",2014,"3102",0,"Nebraska","02"
"1982",2014,"3103",0,"Nebraska","03"
"1983",2014,"3201",1,"Nevada","01"
"1984",2014,"3202",0,"Nevada","02"
"1985",2014,"3203",0,"Nevada","03"
"1986",2014,"3204",1,"Nevada","04"
"1987",2014,"3301",1,"New Hampshire","01"
"1988",2014,"3302",1,"New Hampshire","02"
"1989",2014,"3401",1,"New Jersey","01"
"1990",2014,"3402",0,"New Jersey","02"
"1991",2014,"3403",0,"New Jersey","03"
"1992",2014,"3404",0,"New Jersey","04"
"1993",2014,"3405",0,"New Jersey","05"
"1994",2014,"3407",0,"New Jersey","07"
"1995",2014,"3409",1,"New Jersey","09"
"1996",2014,"3410",1,"New Jersey","10"
"1997",2014,"3406",1,"New Jersey","06"
"1998",2014,"3408",1,"New Jersey","08"
"1999",2014,"3411",0,"New Jersey","11"
"2000",2014,"3412",1,"New Jersey","12"
"2001",2014,"3501",1,"New Mexico","01"
"2002",2014,"3502",0,"New Mexico","02"
"2003",2014,"3503",1,"New Mexico","03"
"2004",2014,"3601",1,"New York","01"
"2005",2014,"3602",0,"New York","02"
"2006",2014,"3603",1,"New York","03"
"2007",2014,"3604",1,"New York","04"
"2008",2014,"3605",1,"New York","05"
"2009",2014,"3606",1,"New York","06"
"2010",2014,"3607",1,"New York","07"
"2011",2014,"3608",1,"New York","08"
"2012",2014,"3609",1,"New York","09"
"2013",2014,"3610",1,"New York","10"
"2014",2014,"3611",0,"New York","11"
"2015",2014,"3612",1,"New York","12"
"2016",2014,"3613",1,"New York","13"
"2017",2014,"3614",1,"New York","14"
"2018",2014,"3615",1,"New York","15"
"2019",2014,"3616",1,"New York","16"
"2020",2014,"3617",1,"New York","17"
"2021",2014,"3618",1,"New York","18"
"2022",2014,"3619",0,"New York","19"
"2023",2014,"3620",1,"New York","20"
"2024",2014,"3621",1,"New York","21"
"2025",2014,"3622",0,"New York","22"
"2026",2014,"3623",0,"New York","23"
"2027",2014,"3624",1,"New York","24"
"2028",2014,"3625",1,"New York","25"
"2029",2014,"3626",1,"New York","26"
"2030",2014,"3627",0,"New York","27"
"2031",2014,"3701",1,"North Carolina","01"
"2032",2014,"3702",0,"North Carolina","02"
"2033",2014,"3703",0,"North Carolina","03"
"2034",2014,"3704",1,"North Carolina","04"
"2035",2014,"3705",0,"North Carolina","05"
"2036",2014,"3706",0,"North Carolina","06"
"2037",2014,"3707",1,"North Carolina","07"
"2038",2014,"3708",0,"North Carolina","08"
"2039",2014,"3709",0,"North Carolina","09"
"2040",2014,"3710",0,"North Carolina","10"
"2041",2014,"3711",0,"North Carolina","11"
"2042",2014,"3712",1,"North Carolina","12"
"2043",2014,"3713",0,"North Carolina","13"
"2044",2014,"3800",0,"North Dakota","00"
"2045",2014,"3901",0,"Ohio","01"
"2046",2014,"3902",0,"Ohio","02"
"2047",2014,"3903",1,"Ohio","03"
"2048",2014,"3904",0,"Ohio","04"
"2049",2014,"3905",0,"Ohio","05"
"2050",2014,"3906",0,"Ohio","06"
"2051",2014,"3907",0,"Ohio","07"
"2052",2014,"3908",0,"Ohio","08"
"2053",2014,"3909",1,"Ohio","09"
"2054",2014,"3910",0,"Ohio","10"
"2055",2014,"3911",1,"Ohio","11"
"2056",2014,"3912",0,"Ohio","12"
"2057",2014,"3913",1,"Ohio","13"
"2058",2014,"3914",0,"Ohio","14"
"2059",2014,"3915",0,"Ohio","15"
"2060",2014,"3916",0,"Ohio","16"
"2061",2014,"4001",0,"Oklahoma","01"
"2062",2014,"4002",0,"Oklahoma","02"
"2063",2014,"4003",0,"Oklahoma","03"
"2064",2014,"4004",0,"Oklahoma","04"
"2065",2014,"4005",0,"Oklahoma","05"
"2066",2014,"4101",1,"Oregon","01"
"2067",2014,"4102",0,"Oregon","02"
"2068",2014,"4104",1,"Oregon","04"
"2069",2014,"4201",1,"Pennsylvania","01"
"2070",2014,"4202",1,"Pennsylvania","02"
"2071",2014,"4103",1,"Oregon","03"
"2072",2014,"4105",1,"Oregon","05"
"2073",2014,"4203",0,"Pennsylvania","03"
"2074",2014,"4204",0,"Pennsylvania","04"
"2075",2014,"4205",0,"Pennsylvania","05"
"2076",2014,"4206",0,"Pennsylvania","06"
"2077",2014,"4207",0,"Pennsylvania","07"
"2078",2014,"4208",0,"Pennsylvania","08"
"2079",2014,"4209",0,"Pennsylvania","09"
"2080",2014,"4210",0,"Pennsylvania","10"
"2081",2014,"4211",0,"Pennsylvania","11"
"2082",2014,"4212",0,"Pennsylvania","12"
"2083",2014,"4213",1,"Pennsylvania","13"
"2084",2014,"4214",1,"Pennsylvania","14"
"2085",2014,"4215",0,"Pennsylvania","15"
"2086",2014,"4216",0,"Pennsylvania","16"
"2087",2014,"4217",1,"Pennsylvania","17"
"2088",2014,"4218",0,"Pennsylvania","18"
"2089",2014,"4401",1,"Rhode Island","01"
"2090",2014,"4402",1,"Rhode Island","02"
"2091",2014,"4501",0,"South Carolina","01"
"2092",2014,"4502",0,"South Carolina","02"
"2093",2014,"4503",0,"South Carolina","03"
"2094",2014,"4504",0,"South Carolina","04"
"2095",2014,"4505",0,"South Carolina","05"
"2096",2014,"4506",1,"South Carolina","06"
"2097",2014,"4507",0,"South Carolina","07"
"2098",2014,"4600",0,"South Dakota","00"
"2099",2014,"4701",0,"Tennessee","01"
"2100",2014,"4702",0,"Tennessee","02"
"2101",2014,"4703",0,"Tennessee","03"
"2102",2014,"4704",0,"Tennessee","04"
"2103",2014,"4705",1,"Tennessee","05"
"2104",2014,"4706",0,"Tennessee","06"
"2105",2014,"4707",0,"Tennessee","07"
"2106",2014,"4708",0,"Tennessee","08"
"2107",2014,"4709",1,"Tennessee","09"
"2108",2014,"4801",0,"Texas","01"
"2109",2014,"4802",0,"Texas","02"
"2110",2014,"4803",0,"Texas","03"
"2111",2014,"4804",0,"Texas","04"
"2112",2014,"4805",0,"Texas","05"
"2113",2014,"4806",0,"Texas","06"
"2114",2014,"4807",0,"Texas","07"
"2115",2014,"4808",0,"Texas","08"
"2116",2014,"4809",1,"Texas","09"
"2117",2014,"4810",0,"Texas","10"
"2118",2014,"4811",0,"Texas","11"
"2119",2014,"4812",0,"Texas","12"
"2120",2014,"4813",0,"Texas","13"
"2121",2014,"4814",0,"Texas","14"
"2122",2014,"4815",1,"Texas","15"
"2123",2014,"4816",1,"Texas","16"
"2124",2014,"4817",0,"Texas","17"
"2125",2014,"4818",1,"Texas","18"
"2126",2014,"4819",0,"Texas","19"
"2127",2014,"4820",1,"Texas","20"
"2128",2014,"4821",0,"Texas","21"
"2129",2014,"4822",0,"Texas","22"
"2130",2014,"4823",1,"Texas","23"
"2131",2014,"4824",0,"Texas","24"
"2132",2014,"4825",0,"Texas","25"
"2133",2014,"4826",0,"Texas","26"
"2134",2014,"4827",0,"Texas","27"
"2135",2014,"4828",1,"Texas","28"
"2136",2014,"4829",1,"Texas","29"
"2137",2014,"4830",1,"Texas","30"
"2138",2014,"4831",0,"Texas","31"
"2139",2014,"4832",0,"Texas","32"
"2140",2014,"4833",1,"Texas","33"
"2141",2014,"4834",1,"Texas","34"
"2142",2014,"4836",0,"Texas","36"
"2143",2014,"4901",0,"Utah","01"
"2144",2014,"4903",0,"Utah","03"
"2145",2014,"4904",1,"Utah","04"
"2146",2014,"4835",1,"Texas","35"
"2147",2014,"4902",0,"Utah","02"
"2148",2014,"5000",1,"Vermont","00"
"2149",2014,"5101",0,"Virginia","01"
"2150",2014,"5102",0,"Virginia","02"
"2151",2014,"5103",1,"Virginia","03"
"2152",2014,"5104",0,"Virginia","04"
"2153",2014,"5105",0,"Virginia","05"
"2154",2014,"5106",0,"Virginia","06"
"2155",2014,"5107",0,"Virginia","07"
"2156",2014,"5108",1,"Virginia","08"
"2157",2014,"5109",0,"Virginia","09"
"2158",2014,"5110",0,"Virginia","10"
"2159",2014,"5111",1,"Virginia","11"
"2160",2014,"5301",1,"Washington","01"
"2161",2014,"5302",1,"Washington","02"
"2162",2014,"5303",0,"Washington","03"
"2163",2014,"5304",0,"Washington","04"
"2164",2014,"5305",0,"Washington","05"
"2165",2014,"5306",1,"Washington","06"
"2166",2014,"5307",1,"Washington","07"
"2167",2014,"5308",0,"Washington","08"
"2168",2014,"5309",1,"Washington","09"
"2169",2014,"5310",1,"Washington","10"
"2170",2014,"5401",0,"West Virginia","01"
"2171",2014,"5402",0,"West Virginia","02"
"2172",2014,"5403",1,"West Virginia","03"
"2173",2014,"5501",0,"Wisconsin","01"
"2174",2014,"5502",1,"Wisconsin","02"
"2175",2014,"5503",1,"Wisconsin","03"
"2176",2014,"5504",1,"Wisconsin","04"
"2177",2014,"5505",0,"Wisconsin","05"
"2178",2014,"5506",0,"Wisconsin","06"
"2179",2014,"5507",0,"Wisconsin","07"
"2180",2014,"5508",0,"Wisconsin","08"
"2181",2014,"5600",0,"Wyoming","00"
"2182",2012,"0101",0,"Alabama","01"
"2183",2012,"0102",0,"Alabama","02"
"2184",2012,"0103",0,"Alabama","03"
"2185",2012,"0104",0,"Alabama","04"
"2186",2012,"0105",0,"Alabama","05"
"2187",2012,"0106",0,"Alabama","06"
"2188",2012,"0107",1,"Alabama","07"
"2189",2012,"0200",0,"Alaska","00"
"2190",2012,"0401",0,"Arizona","01"
"2191",2012,"0402",0,"Arizona","02"
"2192",2012,"0403",0,"Arizona","03"
"2193",2012,"0404",1,"Arizona","04"
"2194",2012,"0405",0,"Arizona","05"
"2195",2012,"0406",0,"Arizona","06"
"2196",2012,"0407",1,"Arizona","07"
"2197",2012,"0408",1,"Arizona","08"
"2198",2012,"0501",0,"Arkansas","01"
"2199",2012,"0502",0,"Arkansas","02"
"2200",2012,"0503",0,"Arkansas","03"
"2201",2012,"0504",1,"Arkansas","04"
"2202",2012,"0601",1,"California","01"
"2203",2012,"0602",0,"California","02"
"2204",2012,"0603",0,"California","03"
"2205",2012,"0604",0,"California","04"
"2206",2012,"0605",1,"California","05"
"2207",2012,"0606",1,"California","06"
"2208",2012,"0607",1,"California","07"
"2209",2012,"0608",1,"California","08"
"2210",2012,"0609",1,"California","09"
"2211",2012,"0610",1,"California","10"
"2212",2012,"0611",1,"California","11"
"2213",2012,"0612",1,"California","12"
"2214",2012,"0613",1,"California","13"
"2215",2012,"0614",1,"California","14"
"2216",2012,"0615",1,"California","15"
"2217",2012,"0616",1,"California","16"
"2218",2012,"0617",1,"California","17"
"2219",2012,"0618",1,"California","18"
"2220",2012,"0619",0,"California","19"
"2221",2012,"0620",1,"California","20"
"2222",2012,"0621",0,"California","21"
"2223",2012,"0622",0,"California","22"
"2224",2012,"0623",1,"California","23"
"2225",2012,"0624",0,"California","24"
"2226",2012,"0625",0,"California","25"
"2227",2012,"0626",0,"California","26"
"2228",2012,"0627",1,"California","27"
"2229",2012,"0628",1,"California","28"
"2230",2012,"0629",1,"California","29"
"2231",2012,"0630",1,"California","30"
"2232",2012,"0631",1,"California","31"
"2233",2012,"0632",1,"California","32"
"2234",2012,"0633",1,"California","33"
"2235",2012,"0634",1,"California","34"
"2236",2012,"0635",1,"California","35"
"2237",2012,"0636",1,"California","36"
"2238",2012,"0637",1,"California","37"
"2239",2012,"0638",1,"California","38"
"2240",2012,"0639",1,"California","39"
"2241",2012,"0640",0,"California","40"
"2242",2012,"0641",0,"California","41"
"2243",2012,"0642",0,"California","42"
"2244",2012,"0643",1,"California","43"
"2245",2012,"0644",0,"California","44"
"2246",2012,"0645",0,"California","45"
"2247",2012,"0646",0,"California","46"
"2248",2012,"0647",1,"California","47"
"2249",2012,"0648",0,"California","48"
"2250",2012,"0649",0,"California","49"
"2251",2012,"0650",0,"California","50"
"2252",2012,"0651",1,"California","51"
"2253",2012,"0652",0,"California","52"
"2254",2012,"0653",1,"California","53"
"2255",2012,"0801",1,"Colorado","01"
"2256",2012,"0802",1,"Colorado","02"
"2257",2012,"0803",0,"Colorado","03"
"2258",2012,"0804",0,"Colorado","04"
"2259",2012,"0805",0,"Colorado","05"
"2260",2012,"0806",0,"Colorado","06"
"2261",2012,"0807",1,"Colorado","07"
"2262",2012,"0901",1,"Connecticut","01"
"2263",2012,"0902",1,"Connecticut","02"
"2264",2012,"0903",1,"Connecticut","03"
"2265",2012,"0904",1,"Connecticut","04"
"2266",2012,"0905",1,"Connecticut","05"
"2267",2012,"1000",1,"Delaware","00"
"2268",2012,"1201",0,"Florida","01"
"2269",2012,"1202",0,"Florida","02"
"2270",2012,"1203",1,"Florida","03"
"2271",2012,"1204",0,"Florida","04"
"2272",2012,"1205",0,"Florida","05"
"2273",2012,"1206",0,"Florida","06"
"2274",2012,"1207",0,"Florida","07"
"2275",2012,"1208",0,"Florida","08"
"2276",2012,"1209",0,"Florida","09"
"2277",2012,"1210",0,"Florida","10"
"2278",2012,"1211",1,"Florida","11"
"2279",2012,"1212",0,"Florida","12"
"2280",2012,"1213",0,"Florida","13"
"2281",2012,"1214",0,"Florida","14"
"2282",2012,"1215",0,"Florida","15"
"2283",2012,"1216",0,"Florida","16"
"2284",2012,"1217",1,"Florida","17"
"2285",2012,"1218",0,"Florida","18"
"2286",2012,"1219",1,"Florida","19"
"2287",2012,"1220",1,"Florida","20"
"2288",2012,"1221",0,"Florida","21"
"2289",2012,"1222",0,"Florida","22"
"2290",2012,"1223",1,"Florida","23"
"2291",2012,"1224",0,"Florida","24"
"2292",2012,"1225",0,"Florida","25"
"2293",2012,"1301",0,"Georgia","01"
"2294",2012,"1302",1,"Georgia","02"
"2295",2012,"1303",0,"Georgia","03"
"2296",2012,"1304",1,"Georgia","04"
"2297",2012,"1305",1,"Georgia","05"
"2298",2012,"1306",0,"Georgia","06"
"2299",2012,"1307",0,"Georgia","07"
"2300",2012,"1308",0,"Georgia","08"
"2301",2012,"1309",0,"Georgia","09"
"2302",2012,"1310",0,"Georgia","10"
"2303",2012,"1311",0,"Georgia","11"
"2304",2012,"1312",1,"Georgia","12"
"2305",2012,"1313",1,"Georgia","13"
"2306",2012,"1501",1,"Hawaii","01"
"2307",2012,"1502",1,"Hawaii","02"
"2308",2012,"1601",0,"Idaho","01"
"2309",2012,"1602",0,"Idaho","02"
"2310",2012,"1701",1,"Illinois","01"
"2311",2012,"1702",1,"Illinois","02"
"2312",2012,"1703",1,"Illinois","03"
"2313",2012,"1704",1,"Illinois","04"
"2314",2012,"1705",1,"Illinois","05"
"2315",2012,"1706",0,"Illinois","06"
"2316",2012,"1707",1,"Illinois","07"
"2317",2012,"1708",0,"Illinois","08"
"2318",2012,"1709",1,"Illinois","09"
"2319",2012,"1710",0,"Illinois","10"
"2320",2012,"1711",0,"Illinois","11"
"2321",2012,"1712",1,"Illinois","12"
"2322",2012,"1713",0,"Illinois","13"
"2323",2012,"1714",0,"Illinois","14"
"2324",2012,"1715",0,"Illinois","15"
"2325",2012,"1716",0,"Illinois","16"
"2326",2012,"1717",0,"Illinois","17"
"2327",2012,"1718",0,"Illinois","18"
"2328",2012,"1719",0,"Illinois","19"
"2329",2012,"1801",1,"Indiana","01"
"2330",2012,"1802",1,"Indiana","02"
"2331",2012,"1803",0,"Indiana","03"
"2332",2012,"1804",0,"Indiana","04"
"2333",2012,"1805",0,"Indiana","05"
"2334",2012,"1806",0,"Indiana","06"
"2335",2012,"1807",1,"Indiana","07"
"2336",2012,"1808",0,"Indiana","08"
"2337",2012,"1809",0,"Indiana","09"
"2338",2012,"1901",1,"Iowa","01"
"2339",2012,"1902",1,"Iowa","02"
"2340",2012,"1903",1,"Iowa","03"
"2341",2012,"1904",0,"Iowa","04"
"2342",2012,"1905",0,"Iowa","05"
"2343",2012,"2001",0,"Kansas","01"
"2344",2012,"2002",0,"Kansas","02"
"2345",2012,"2003",0,"Kansas","03"
"2346",2012,"2004",0,"Kansas","04"
"2347",2012,"2101",0,"Kentucky","01"
"2348",2012,"2102",0,"Kentucky","02"
"2349",2012,"2103",1,"Kentucky","03"
"2350",2012,"2104",0,"Kentucky","04"
"2351",2012,"2105",0,"Kentucky","05"
"2352",2012,"2106",1,"Kentucky","06"
"2353",2012,"2201",0,"Louisiana","01"
"2354",2012,"2202",1,"Louisiana","02"
"2355",2012,"2203",0,"Louisiana","03"
"2356",2012,"2204",0,"Louisiana","04"
"2357",2012,"2205",0,"Louisiana","05"
"2358",2012,"2206",0,"Louisiana","06"
"2359",2012,"2207",0,"Louisiana","07"
"2360",2012,"2301",1,"Maine","01"
"2361",2012,"2302",1,"Maine","02"
"2362",2012,"2401",0,"Maryland","01"
"2363",2012,"2402",1,"Maryland","02"
"2364",2012,"2403",1,"Maryland","03"
"2365",2012,"2404",1,"Maryland","04"
"2366",2012,"2405",1,"Maryland","05"
"2367",2012,"2406",0,"Maryland","06"
"2368",2012,"2407",1,"Maryland","07"
"2369",2012,"2408",1,"Maryland","08"
"2370",2012,"2501",1,"Massachusetts","01"
"2371",2012,"2502",1,"Massachusetts","02"
"2372",2012,"2503",1,"Massachusetts","03"
"2373",2012,"2504",1,"Massachusetts","04"
"2374",2012,"2505",1,"Massachusetts","05"
"2375",2012,"2506",1,"Massachusetts","06"
"2376",2012,"2507",1,"Massachusetts","07"
"2377",2012,"2508",1,"Massachusetts","08"
"2378",2012,"2509",1,"Massachusetts","09"
"2379",2012,"2510",1,"Massachusetts","10"
"2380",2012,"2601",0,"Michigan","01"
"2381",2012,"2701",1,"Minnesota","01"
"2382",2012,"2702",0,"Minnesota","02"
"2383",2012,"2703",0,"Minnesota","03"
"2384",2012,"2704",1,"Minnesota","04"
"2385",2012,"2705",1,"Minnesota","05"
"2386",2012,"2706",0,"Minnesota","06"
"2387",2012,"2707",1,"Minnesota","07"
"2388",2012,"2708",0,"Minnesota","08"
"2389",2012,"2801",0,"Mississippi","01"
"2390",2012,"2802",1,"Mississippi","02"
"2391",2012,"2803",0,"Mississippi","03"
"2392",2012,"2804",0,"Mississippi","04"
"2393",2012,"2901",1,"Missouri","01"
"2394",2012,"2902",0,"Missouri","02"
"2395",2012,"2903",1,"Missouri","03"
"2396",2012,"2904",0,"Missouri","04"
"2397",2012,"2905",1,"Missouri","05"
"2398",2012,"2906",0,"Missouri","06"
"2399",2012,"2907",0,"Missouri","07"
"2400",2012,"2908",0,"Missouri","08"
"2401",2012,"2909",0,"Missouri","09"
"2402",2012,"3000",0,"Montana","00"
"2403",2012,"3101",0,"Nebraska","01"
"2404",2012,"3102",0,"Nebraska","02"
"2405",2012,"3103",0,"Nebraska","03"
"2406",2012,"3201",1,"Nevada","01"
"2407",2012,"3202",0,"Nevada","02"
"2408",2012,"3203",0,"Nevada","03"
"2409",2012,"3301",0,"New Hampshire","01"
"2410",2012,"3302",0,"New Hampshire","02"
"2411",2012,"3401",1,"New Jersey","01"
"2412",2012,"3402",0,"New Jersey","02"
"2413",2012,"3403",0,"New Jersey","03"
"2414",2012,"3404",0,"New Jersey","04"
"2415",2012,"3405",0,"New Jersey","05"
"2416",2012,"3406",1,"New Jersey","06"
"2417",2012,"3407",0,"New Jersey","07"
"2418",2012,"3408",1,"New Jersey","08"
"2419",2012,"3409",1,"New Jersey","09"
"2420",2012,"3410",1,"New Jersey","10"
"2421",2012,"3411",0,"New Jersey","11"
"2422",2012,"3412",1,"New Jersey","12"
"2423",2012,"3413",1,"New Jersey","13"
"2424",2012,"3501",1,"New Mexico","01"
"2425",2012,"3502",0,"New Mexico","02"
"2426",2012,"3503",1,"New Mexico","03"
"2427",2012,"3601",1,"New York","01"
"2428",2012,"3602",1,"New York","02"
"2429",2012,"3603",0,"New York","03"
"2430",2012,"3604",1,"New York","04"
"2431",2012,"3605",1,"New York","05"
"2432",2012,"3606",1,"New York","06"
"2433",2012,"3607",1,"New York","07"
"2434",2012,"3608",1,"New York","08"
"2435",2012,"3609",1,"New York","09"
"2436",2012,"3610",1,"New York","10"
"2437",2012,"3611",1,"New York","11"
"2438",2012,"3612",1,"New York","12"
"2439",2012,"3613",0,"New York","13"
"2440",2012,"3614",1,"New York","14"
"2441",2012,"3615",1,"New York","15"
"2442",2012,"3616",1,"New York","16"
"2443",2012,"3617",1,"New York","17"
"2444",2012,"3618",1,"New York","18"
"2445",2012,"3619",0,"New York","19"
"2446",2012,"3620",0,"New York","20"
"2447",2012,"3621",1,"New York","21"
"2448",2012,"3622",1,"New York","22"
"2449",2012,"3623",1,"New York","23"
"2450",2012,"3624",0,"New York","24"
"2451",2012,"3625",0,"New York","25"
"2452",2012,"3626",0,"New York","26"
"2453",2012,"3627",1,"New York","27"
"2454",2012,"3628",1,"New York","28"
"2455",2012,"3629",0,"New York","29"
"2456",2012,"3701",1,"North Carolina","01"
"2457",2012,"3702",0,"North Carolina","02"
"2458",2012,"3703",0,"North Carolina","03"
"2459",2012,"3704",1,"North Carolina","04"
"2460",2012,"3705",0,"North Carolina","05"
"2461",2012,"3706",0,"North Carolina","06"
"2462",2012,"3707",1,"North Carolina","07"
"2463",2012,"3708",1,"North Carolina","08"
"2464",2012,"3709",0,"North Carolina","09"
"2465",2012,"3710",0,"North Carolina","10"
"2466",2012,"3711",1,"North Carolina","11"
"2467",2012,"3712",1,"North Carolina","12"
"2468",2012,"3713",1,"North Carolina","13"
"2469",2012,"3800",0,"North Dakota","00"
"2470",2012,"3901",0,"Ohio","01"
"2471",2012,"3902",0,"Ohio","02"
"2472",2012,"3903",0,"Ohio","03"
"2473",2012,"3904",0,"Ohio","04"
"2474",2012,"3905",0,"Ohio","05"
"2475",2012,"3906",0,"Ohio","06"
"2476",2012,"3907",0,"Ohio","07"
"2477",2012,"3908",0,"Ohio","08"
"2478",2012,"3909",1,"Ohio","09"
"2479",2012,"3910",1,"Ohio","10"
"2480",2012,"3911",1,"Ohio","11"
"2481",2012,"3912",0,"Ohio","12"
"2482",2012,"3913",1,"Ohio","13"
"2483",2012,"3914",0,"Ohio","14"
"2484",2012,"3915",0,"Ohio","15"
"2485",2012,"3916",0,"Ohio","16"
"2486",2012,"3917",1,"Ohio","17"
"2487",2012,"3918",0,"Ohio","18"
"2488",2012,"4001",0,"Oklahoma","01"
"2489",2012,"4002",1,"Oklahoma","02"
"2490",2012,"4003",0,"Oklahoma","03"
"2491",2012,"4004",0,"Oklahoma","04"
"2492",2012,"4005",0,"Oklahoma","05"
"2493",2012,"4101",1,"Oregon","01"
"2494",2012,"4102",0,"Oregon","02"
"2495",2012,"4103",1,"Oregon","03"
"2496",2012,"4104",1,"Oregon","04"
"2497",2012,"4105",1,"Oregon","05"
"2498",2012,"4201",1,"Pennsylvania","01"
"2499",2012,"4202",1,"Pennsylvania","02"
"2500",2012,"4203",0,"Pennsylvania","03"
"2501",2012,"4204",1,"Pennsylvania","04"
"2502",2012,"4205",0,"Pennsylvania","05"
"2503",2012,"4206",0,"Pennsylvania","06"
"2504",2012,"4207",0,"Pennsylvania","07"
"2505",2012,"4208",0,"Pennsylvania","08"
"2506",2012,"4209",0,"Pennsylvania","09"
"2507",2012,"4210",0,"Pennsylvania","10"
"2508",2012,"4211",0,"Pennsylvania","11"
"2509",2012,"4212",1,"Pennsylvania","12"
"2510",2012,"4213",1,"Pennsylvania","13"
"2511",2012,"4214",1,"Pennsylvania","14"
"2512",2012,"4215",0,"Pennsylvania","15"
"2513",2012,"4216",0,"Pennsylvania","16"
"2514",2012,"4217",1,"Pennsylvania","17"
"2515",2012,"4218",0,"Pennsylvania","18"
"2516",2012,"4219",0,"Pennsylvania","19"
"2517",2012,"4401",1,"Rhode Island","01"
"2518",2012,"4402",1,"Rhode Island","02"
"2519",2012,"4501",0,"South Carolina","01"
"2520",2012,"4502",0,"South Carolina","02"
"2521",2012,"4503",0,"South Carolina","03"
"2522",2012,"4504",0,"South Carolina","04"
"2523",2012,"4505",0,"South Carolina","05"
"2524",2012,"4506",1,"South Carolina","06"
"2525",2012,"4600",0,"South Dakota","00"
"2526",2012,"4701",0,"Tennessee","01"
"2527",2012,"4702",0,"Tennessee","02"
"2528",2012,"4703",0,"Tennessee","03"
"2529",2012,"4704",0,"Tennessee","04"
"2530",2012,"4705",1,"Tennessee","05"
"2531",2012,"4706",0,"Tennessee","06"
"2532",2012,"4707",0,"Tennessee","07"
"2533",2012,"4708",0,"Tennessee","08"
"2534",2012,"4709",1,"Tennessee","09"
"2535",2012,"4801",0,"Texas","01"
"2536",2012,"4802",0,"Texas","02"
"2537",2012,"4803",0,"Texas","03"
"2538",2012,"4804",0,"Texas","04"
"2539",2012,"4805",0,"Texas","05"
"2540",2012,"4806",0,"Texas","06"
"2541",2012,"4807",0,"Texas","07"
"2542",2012,"4808",0,"Texas","08"
"2543",2012,"4809",1,"Texas","09"
"2544",2012,"4810",0,"Texas","10"
"2545",2012,"4811",0,"Texas","11"
"2546",2012,"4812",0,"Texas","12"
"2547",2012,"4813",0,"Texas","13"
"2548",2012,"4814",0,"Texas","14"
"2549",2012,"4815",1,"Texas","15"
"2550",2012,"4816",1,"Texas","16"
"2551",2012,"4817",0,"Texas","17"
"2552",2012,"4818",1,"Texas","18"
"2553",2012,"4819",0,"Texas","19"
"2554",2012,"4820",1,"Texas","20"
"2555",2012,"4821",0,"Texas","21"
"2556",2012,"4822",0,"Texas","22"
"2557",2012,"4823",0,"Texas","23"
"2558",2012,"4824",0,"Texas","24"
"2559",2012,"4825",1,"Texas","25"
"2560",2012,"4826",0,"Texas","26"
"2561",2012,"4827",0,"Texas","27"
"2562",2012,"4828",1,"Texas","28"
"2563",2012,"4829",1,"Texas","29"
"2564",2012,"4830",1,"Texas","30"
"2565",2012,"4831",0,"Texas","31"
"2566",2012,"4832",0,"Texas","32"
"2567",2012,"4901",0,"Utah","01"
"2568",2012,"4902",1,"Utah","02"
"2569",2012,"4903",0,"Utah","03"
"2570",2012,"5000",1,"Vermont","00"
"2571",2012,"5101",0,"Virginia","01"
"2572",2012,"5102",0,"Virginia","02"
"2573",2012,"5103",1,"Virginia","03"
"2574",2012,"5104",0,"Virginia","04"
"2575",2012,"5105",0,"Virginia","05"
"2576",2012,"5106",0,"Virginia","06"
"2577",2012,"5107",0,"Virginia","07"
"2578",2012,"5108",1,"Virginia","08"
"2579",2012,"5109",0,"Virginia","09"
"2580",2012,"5110",0,"Virginia","10"
"2581",2012,"5111",1,"Virginia","11"
"2582",2012,"5301",1,"Washington","01"
"2583",2012,"5302",1,"Washington","02"
"2584",2012,"5303",0,"Washington","03"
"2585",2012,"5304",0,"Washington","04"
"2586",2012,"5305",0,"Washington","05"
"2587",2012,"5306",1,"Washington","06"
"2588",2012,"5307",1,"Washington","07"
"2589",2012,"5308",0,"Washington","08"
"2590",2012,"5309",1,"Washington","09"
"2591",2012,"5401",0,"West Virginia","01"
"2592",2012,"5402",0,"West Virginia","02"
"2593",2012,"5403",1,"West Virginia","03"
"2594",2012,"5501",0,"Wisconsin","01"
"2595",2012,"5502",1,"Wisconsin","02"
"2596",2012,"5503",1,"Wisconsin","03"
"2597",2012,"5504",1,"Wisconsin","04"
"2598",2012,"5505",0,"Wisconsin","05"
"2599",2012,"5506",0,"Wisconsin","06"
"2600",2012,"5507",0,"Wisconsin","07"
"2601",2012,"5508",0,"Wisconsin","08"
"2602",2012,"5600",0,"Wyoming","00"
